"Name","Team","W","L","ERA","G","GS","CG","ShO","SV","HLD","BS","IP","TBF","H","R","ER","HR","BB","IBB","HBP","WP","BK","SO","playerid"
"Neftali Feliz","Rangers","0","0","0.00","6","0","0","0","0","0","0","4.2","21","5","0","0","0","2","0","1","0","0","4","18"
"John McDonald","Phillies","0","0","0.00","1","0","0","0","0","0","0","0.1","3","2","0","0","0","0","0","0","0","0","1","395"
"Duke Welker","Pirates","0","0","0.00","2","0","0","0","0","0","0","1.1","4","0","0","0","0","0","0","0","0","0","1","792"
"Blake Wood","Indians","0","0","0.00","2","0","0","0","0","0","0","1.1","8","1","0","0","0","3","0","0","0","0","1","1345"
"Jamey Carroll","Twins","0","0","0.00","1","0","0","0","0","0","0","1.0","3","0","0","0","0","0","0","0","0","0","0","1591"
"Chris Narveson","Brewers","0","0","0.00","2","0","0","0","0","0","0","2.0","8","1","0","0","0","1","0","0","1","0","0","2141"
"Ryan Raburn","Indians","0","0","0.00","1","0","0","0","0","0","0","1.0","3","0","0","0","0","0","0","0","0","0","1","2218"
"Skip Schumaker","Dodgers","0","0","0.00","2","0","0","0","0","0","0","2.0","12","3","0","0","0","3","0","0","0","0","1","3704"
"Everett Teaford","Royals","0","0","0.00","1","0","0","0","0","0","0","0.2","3","1","0","0","0","0","0","0","0","0","0","3732"
"Enny Romero","Rays","0","0","0.00","1","1","0","0","0","0","0","4.2","18","1","0","0","0","4","0","0","0","0","0","4001"
"Rafael Dolis","Cubs","0","0","0.00","5","0","0","0","0","0","0","5.0","21","3","2","0","0","2","0","0","0","0","0","4185"
"Matt Shoemaker","Angels","0","0","0.00","1","1","0","0","0","0","0","5.0","19","2","0","0","0","2","0","0","1","0","5","4776"
"Clay Rapada","Indians","0","0","0.00","4","0","0","0","0","0","0","2.0","9","1","0","0","0","2","0","0","0","0","0","4831"
"Alberto Gonzalez","Yankees","0","0","0.00","1","0","0","0","0","0","0","0.1","1","0","0","0","0","0","0","0","0","0","0","4906"
"Wilmer Font","Rangers","0","0","0.00","2","0","0","0","0","0","0","1.1","7","1","0","0","0","2","0","0","0","0","0","5257"
"Francisley Bueno","Royals","1","0","0.00","7","0","0","0","0","1","0","8.1","31","4","0","0","0","2","1","0","0","0","5","5980"
"David Murphy","Rangers","0","0","0.00","1","0","0","0","0","0","0","1.0","4","1","0","0","0","0","0","0","0","0","1","6035"
"Logan Kensing","Rockies","0","0","0.00","1","0","0","0","0","0","0","0.2","2","0","0","0","0","1","0","0","0","0","1","6166"
"Donnie Joseph","Royals","0","0","0.00","6","0","0","0","0","0","0","5.2","25","4","0","0","0","4","0","0","0","0","7","6491"
"Jake Elmore","Astros","0","0","0.00","1","0","0","0","0","0","0","1.0","3","0","0","0","0","0","0","0","0","0","0","7290"
"Matt Daley","Yankees","1","0","0.00","7","0","0","0","0","0","0","6.0","21","2","0","0","0","0","0","1","0","0","8","7952"
"Rob Johnson","Cardinals","0","0","0.00","1","0","0","0","0","0","0","0.1","1","0","0","0","0","0","0","0","0","0","1","8029"
"Josh Harrison","Pirates","0","0","0.00","1","0","0","0","0","0","0","0.1","1","0","0","0","0","0","0","0","0","0","0","8202"
"Sam Fuld","Rays","0","0","0.00","1","0","0","0","0","0","0","0.1","1","0","0","0","0","0","0","0","0","0","0","8254"
"Jeff Beliveau","Rays","0","0","0.00","1","0","0","0","0","0","0","0.2","4","1","0","0","0","1","0","0","0","0","0","8504"
"Josh Tomlin","Indians","0","0","0.00","1","0","0","0","0","0","0","2.0","9","2","0","0","0","0","0","0","0","0","0","9388"
"Miles Mikolas","Padres","0","0","0.00","2","0","0","0","0","0","0","1.2","7","0","0","0","0","1","0","1","0","0","1","9803"
"Chris Dwyer","Royals","0","0","0.00","2","0","0","0","0","0","0","3.0","11","2","0","0","0","1","0","0","0","0","2","10045"
"Shawn Tolleson","Dodgers","0","0","0.00","1","0","0","0","0","0","0","0.0","2","0","0","0","0","2","0","0","0","0","0","10481"
"Stephen Pryor","Mariners","0","0","0.00","7","0","0","0","0","3","1","7.1","26","3","0","0","0","1","0","0","0","0","7","10663"
"Heath Hembree","Giants","0","0","0.00","9","0","0","0","0","0","0","7.2","29","4","0","0","0","2","0","0","0","0","12","11632"
"Kevin Siegrist","Cardinals","3","1","0.45","45","0","0","0","0","11","0","39.2","152","17","2","2","1","18","1","1","0","0","50","8180"
"Louis Coleman","Royals","3","0","0.61","27","0","0","0","0","4","0","29.2","110","19","2","2","1","6","1","1","1","0","32","9720"
"Brian Wilson","Dodgers","2","1","0.66","18","0","0","0","0","3","0","13.2","49","8","1","1","0","4","0","0","0","0","13","6485"
"Jesse Crain","White Sox","2","3","0.74","38","0","0","0","0","19","1","36.2","152","31","6","3","0","11","1","1","0","0","46","4817"
"Michael Tonkin","Twins","0","0","0.79","9","0","0","0","0","0","0","11.1","47","9","6","1","0","3","0","0","1","0","10","10315"
"David Hale","Braves","1","0","0.82","2","2","0","0","0","0","0","11.0","46","11","1","1","0","1","0","0","0","0","14","9756"
"Jeremy Jeffress","Blue Jays","1","0","0.87","10","0","0","0","0","0","0","10.1","43","8","1","1","1","5","0","0","0","0","12","9490"
"Jimmy Nelson","Brewers","0","0","0.90","4","1","0","0","0","0","0","10.0","37","2","1","1","0","5","0","0","1","0","8","10547"
"Sean Burnett","Angels","0","0","0.93","13","0","0","0","0","5","0","9.2","40","9","1","1","1","4","0","0","1","0","7","1886"
"Koji Uehara","Red Sox","4","1","1.09","73","0","0","0","21","13","3","74.1","265","33","10","9","5","9","2","1","1","0","101","9227"
"Neal Cotts","Rangers","8","3","1.11","58","0","0","0","1","11","3","57.0","223","36","8","7","2","18","1","0","3","0","65","1797"
"Craig Kimbrel","Braves","4","3","1.21","68","0","0","0","50","0","4","67.0","258","39","10","9","4","20","2","3","3","0","98","6655"
"Greg Holland","Royals","2","1","1.21","68","0","0","0","47","1","3","67.0","255","40","11","9","3","18","1","0","2","0","103","7196"
"Zac Rosscup","Cubs","0","0","1.35","10","0","0","0","0","0","0","6.2","30","3","1","1","1","7","1","0","0","0","7","9419"
"Dan Otero","Athletics","2","0","1.38","33","0","0","0","0","8","1","39.0","159","42","7","6","0","6","1","0","0","0","27","7385"
"Joe Nathan","Rangers","6","2","1.39","67","0","0","0","43","0","3","64.2","250","36","10","10","2","22","3","1","4","0","73","1122"
"Mark Melancon","Pirates","3","2","1.39","72","0","0","0","16","26","5","71.0","279","60","15","11","1","8","0","1","6","0","70","4264"
"James Paxton","Mariners","3","0","1.50","4","4","0","0","0","0","0","24.0","94","15","5","4","2","7","2","0","0","0","21","11828"
"Tanner Roark","Nationals","7","1","1.51","14","5","0","0","0","1","0","53.2","204","38","11","9","1","11","0","0","0","0","40","8753"
"Luis Avilan","Braves","5","0","1.52","75","0","0","0","0","27","2","65.0","256","40","12","11","1","22","2","4","3","1","38","2882"
"Ryan Reid","Pirates","0","0","1.64","7","0","0","0","1","0","1","11.0","47","9","2","2","1","3","1","2","0","0","7","9385"
"Alex Torres","Rays","4","2","1.71","39","0","0","0","0","5","1","58.0","226","32","12","11","1","20","1","3","1","0","62","7038"
"Rex Brothers","Rockies","2","1","1.74","72","0","0","0","19","12","2","67.1","281","51","16","13","5","36","2","0","3","3","76","9794"
"Sean Marshall","Reds","0","1","1.74","16","0","0","0","0","7","0","10.1","37","4","3","2","0","2","0","1","2","0","10","5905"
"Clay Buchholz","Red Sox","12","1","1.74","16","16","1","1","0","0","0","108.1","416","75","23","21","4","36","0","1","1","0","96","3543"
"Sergio Santos","Blue Jays","1","1","1.75","29","0","0","0","1","8","2","25.2","90","11","5","5","1","4","2","0","1","0","28","4734"
"Caleb Thielbar","Twins","3","2","1.76","49","0","0","0","0","1","0","46.0","171","24","11","9","4","14","4","0","1","0","39","10078"
"Kevin Chapman","Astros","1","1","1.77","25","0","0","0","1","4","3","20.1","87","13","6","4","1","13","2","1","3","0","15","11240"
"David Carpenter","Braves","4","1","1.78","56","0","0","0","0","12","0","65.2","256","45","13","13","5","20","3","3","4","0","74","3959"
"Joe Martinez","Indians","1","0","1.80","2","0","0","0","0","0","0","5.0","19","4","1","1","0","0","0","0","0","0","3","3935"
"Craig Breslow","Red Sox","5","2","1.81","61","0","0","0","0","13","1","59.2","237","49","16","12","3","18","0","2","2","0","33","4363"
"Clayton Kershaw","Dodgers","16","9","1.83","33","33","3","2","0","0","0","236.0","908","164","55","48","11","52","2","3","12","2","232","2036"
"Javier Lopez","Giants","4","2","1.83","69","0","0","0","1","15","0","39.1","161","30","10","8","1","12","5","0","1","0","37","1663"
"Danny Duffy","Royals","2","0","1.85","5","5","0","0","0","0","0","24.1","104","19","5","5","0","14","0","1","2","0","22","3542"
"Kenley Jansen","Dodgers","4","3","1.88","75","0","0","0","28","16","4","76.2","292","48","16","16","6","18","1","3","2","0","111","3096"
"Tanner Scheppers","Rangers","6","2","1.88","76","0","0","0","1","27","2","76.2","302","58","21","16","6","24","4","7","4","0","59","10267"
"Luke Hochevar","Royals","5","2","1.92","58","0","0","0","2","9","3","70.1","262","41","15","15","8","17","1","1","2","0","82","6943"
"Stolmy Pimentel","Pirates","0","0","1.93","5","0","0","0","0","1","0","9.1","38","6","4","2","0","2","0","0","2","0","9","6415"
"Mauricio Robles","Phillies","0","0","1.93","3","0","0","0","0","0","0","4.2","25","7","3","1","0","3","0","0","2","1","6","8895"
"Jarred Cosart","Astros","1","1","1.95","10","10","0","0","0","0","0","60.0","246","46","15","13","3","35","0","0","3","0","33","10304"
"Matt Reynolds","Diamondbacks","0","2","1.98","30","0","0","0","2","5","1","27.1","111","25","7","6","2","5","1","1","0","0","23","8887"
"Ryan Brasier","Angels","0","0","2.00","7","0","0","0","0","0","0","9.0","35","7","2","2","1","4","0","0","0","0","7","5615"
"Joaquin Benoit","Tigers","4","1","2.01","66","0","0","0","24","9","2","67.0","265","47","15","15","5","22","2","1","2","0","73","1437"
"Tyler Thornburg","Brewers","3","1","2.03","18","7","0","0","0","0","0","66.2","270","53","17","15","1","26","2","3","2","1","48","10688"
"David Robertson","Yankees","5","1","2.04","70","0","0","0","3","33","2","66.1","262","51","15","15","5","18","1","2","1","0","77","8241"
"Brandon Cumpton","Pirates","2","1","2.05","6","5","0","0","0","0","0","30.2","124","26","8","7","1","5","0","1","1","0","22","11366"
"Justin Wilson","Pirates","6","1","2.08","58","0","0","0","0","14","3","73.2","295","50","17","17","4","28","1","3","5","0","59","4301"
"Tommy Layne","Padres","0","2","2.08","14","0","0","0","0","0","0","8.2","39","10","4","2","1","5","0","2","1","0","6","7501"
"Mariano Rivera","Yankees","6","2","2.11","64","0","0","0","44","0","7","64.0","256","58","16","15","6","9","3","1","0","0","54","844"
"David Purcey","White Sox","1","1","2.13","24","0","0","0","0","0","0","25.1","113","19","7","6","2","17","4","2","5","0","23","8360"
"Nick Vincent","Padres","6","3","2.14","45","0","0","0","1","10","0","46.1","180","33","11","11","1","11","3","2","0","0","49","7555"
"Bobby Parnell","Mets","5","5","2.16","49","0","0","0","22","0","4","50.0","198","38","17","12","1","12","3","1","1","0","44","9926"
"Santiago Casilla","Giants","7","2","2.16","57","0","0","0","2","22","1","50.0","208","39","14","12","2","25","6","2","8","0","38","2873"
"Jose Dominguez","Dodgers","0","0","2.16","9","0","0","0","0","1","0","8.1","39","11","3","2","0","3","0","1","1","0","4","11571"
"Darren O'Day","Orioles","5","3","2.18","68","0","0","0","2","20","4","62.0","247","47","16","15","7","15","1","5","1","0","59","3321"
"J.P. Howell","Dodgers","4","1","2.18","67","0","0","0","0","11","0","62.0","246","42","15","15","2","23","3","1","3","0","54","8245"
"Jose Fernandez","Marlins","12","6","2.19","28","28","0","0","0","0","0","172.2","681","111","47","42","10","58","5","5","3","1","187","11530"
"Sam Freeman","Cardinals","1","0","2.19","13","0","0","0","0","1","0","12.1","50","8","3","3","0","5","0","0","2","0","8","6832"
"Brad Ziegler","Diamondbacks","8","1","2.22","78","0","0","0","13","11","2","73.0","297","61","20","18","3","22","6","3","0","0","44","7293"
"Vidal Nuno","Yankees","1","2","2.25","5","3","0","0","0","0","0","20.0","82","16","5","5","2","6","0","1","0","0","9","9674"
"Alex Colome","Rays","1","1","2.25","3","3","0","0","0","0","0","16.0","71","14","8","4","2","9","0","1","1","0","12","6661"
"Hideki Okajima","Athletics","0","0","2.25","5","0","0","0","0","0","0","4.0","21","7","1","1","1","2","2","0","1","0","1","7763"
"Nick Christiani","Reds","0","0","2.25","3","0","0","0","0","0","0","4.0","16","2","1","1","1","2","0","1","0","0","1","10332"
"Matt Harvey","Mets","9","5","2.27","26","26","1","1","0","0","0","178.1","690","135","46","45","7","31","1","4","2","0","191","11713"
"Joe Smith","Indians","6","2","2.29","70","0","0","0","3","25","5","63.0","259","54","17","16","5","23","2","3","3","0","54","3281"
"Randy Choate","Cardinals","2","1","2.29","64","0","0","0","0","15","1","35.1","141","26","9","9","0","11","0","2","0","0","28","813"
"Glen Perkins","Twins","2","0","2.30","61","0","0","0","36","0","4","62.2","240","43","16","16","5","15","0","3","0","0","77","8041"
"Jenrry Mejia","Mets","1","2","2.30","5","5","0","0","0","0","0","27.1","112","28","9","7","2","4","0","0","1","0","27","8476"
"Paco Rodriguez","Dodgers","3","4","2.32","76","0","0","0","2","20","3","54.1","208","30","15","14","5","19","4","2","3","0","63","13398"
"Antonio Bastardo","Phillies","3","2","2.32","48","0","0","0","2","14","3","42.2","179","33","12","11","2","21","1","1","4","0","47","8844"
"Seth Maness","Cardinals","5","2","2.32","66","0","0","0","1","15","2","62.0","249","65","17","16","4","13","7","1","2","0","35","12235"
"Steve Cishek","Marlins","4","6","2.33","69","0","0","0","34","1","2","69.2","281","53","19","18","3","22","6","2","1","0","74","6483"
"J.J. Putz","Diamondbacks","3","1","2.36","40","0","0","0","6","6","5","34.1","140","26","9","9","4","17","1","0","3","0","38","1795"
"Drew Smyly","Tigers","6","0","2.37","63","0","0","0","2","21","4","76.0","303","62","20","20","4","17","1","1","5","0","81","11760"
"Jean Machi","Giants","3","1","2.38","51","0","0","0","0","11","2","53.0","211","46","15","14","2","12","3","0","2","0","51","3220"
"Tony Watson","Pirates","3","1","2.39","67","0","0","0","2","22","2","71.2","280","51","19","19","5","12","1","6","2","0","54","3132"
"Thad Weber","- - -","0","1","2.40","8","0","0","0","0","0","0","15.0","61","12","5","4","2","8","0","0","0","0","10","8036"
"Tyler Clippard","Nationals","6","3","2.41","72","0","0","0","0","33","3","71.0","275","37","19","19","9","24","1","4","2","0","73","5640"
"Cody Allen","Indians","6","1","2.43","77","0","0","0","2","11","2","70.1","301","62","22","19","7","26","2","1","9","0","88","12183"
"Dustin McGowan","Blue Jays","0","0","2.45","25","0","0","0","0","6","1","25.2","114","19","11","7","2","12","1","2","3","0","26","8600"
"Cesar Cabral","Yankees","0","0","2.45","8","0","0","0","0","1","0","3.2","15","3","1","1","0","1","0","1","2","0","6","6741"
"Aaron Loup","Blue Jays","4","6","2.47","64","0","0","0","2","8","1","69.1","282","66","23","19","5","13","4","7","2","0","53","10343"
"Scott Downs","- - -","4","4","2.49","68","0","0","0","0","26","4","43.1","189","45","13","12","1","19","2","2","2","0","37","773"
"Eric O'Flaherty","Braves","3","0","2.50","19","0","0","0","0","12","1","18.0","70","12","5","5","2","5","1","0","0","0","11","5746"
"Sergio Romo","Giants","5","8","2.54","65","0","0","0","38","0","5","60.1","250","53","20","17","5","12","3","1","1","0","58","9817"
"Ryan Cook","Athletics","6","4","2.54","71","0","0","0","2","23","7","67.1","294","62","22","19","2","25","1","4","7","0","67","8855"
"Aroldis Chapman","Reds","4","5","2.54","68","0","0","0","38","0","5","63.2","258","37","18","18","7","29","0","3","6","0","112","10233"
"Casey Janssen","Blue Jays","4","1","2.56","56","0","0","0","34","1","2","52.2","210","39","17","15","3","13","1","2","0","0","50","7355"
"Anibal Sanchez","Tigers","14","8","2.57","29","29","1","1","0","0","0","182.0","746","156","56","52","9","54","1","2","7","0","202","3284"
"Jason Frasor","Rangers","4","3","2.57","61","0","0","0","0","10","1","49.0","200","36","15","14","4","20","3","0","2","0","48","1906"
"Jake Diekman","Phillies","1","4","2.58","45","0","0","0","0","11","1","38.1","164","34","15","11","1","16","2","0","2","1","41","5003"
"Grant Balfour","Athletics","1","3","2.59","65","0","0","0","38","0","3","62.2","262","48","20","18","7","27","2","0","9","0","72","718"
"Chris Withrow","Dodgers","3","0","2.60","26","0","0","0","1","4","1","34.2","134","20","10","10","5","13","0","0","2","0","43","7161"
"Chad Qualls","Marlins","5","2","2.61","66","0","0","0","0","15","2","62.0","252","57","18","18","4","19","7","2","1","0","49","2170"
"Trevor Rosenthal","Cardinals","2","4","2.63","74","0","0","0","3","29","5","75.1","311","63","25","22","4","20","0","6","3","0","108","10745"
"Zack Greinke","Dodgers","15","4","2.63","28","28","1","1","0","0","0","177.2","717","152","54","52","13","46","1","7","5","0","148","1943"
"Andrew Miller","Red Sox","1","2","2.64","37","0","0","0","0","6","1","30.2","135","25","12","9","3","17","0","2","2","0","48","6785"
"Adam Ottavino","Rockies","1","3","2.64","51","0","0","0","0","8","0","78.1","335","73","27","23","5","31","5","2","9","1","78","1247"
"Bartolo Colon","Athletics","18","6","2.65","30","30","3","3","0","0","0","190.1","769","193","60","56","14","29","0","0","1","0","117","375"
"Sam LeCure","Reds","2","1","2.66","63","0","0","0","1","17","2","61.0","251","50","18","18","4","24","0","1","0","0","66","4664"
"Mike Dunn","Marlins","3","4","2.66","75","0","0","0","2","18","3","67.2","282","53","21","20","5","28","4","0","2","0","72","9948"
"Hisashi Iwakuma","Mariners","14","6","2.66","33","33","0","0","0","0","0","219.2","866","179","69","65","25","42","4","2","10","0","185","13048"
"Sonny Gray","Athletics","5","3","2.67","12","10","0","0","0","0","0","64.0","261","51","22","19","4","20","0","0","2","1","67","12768"
"Joe Kelly","Cardinals","10","5","2.69","37","15","0","0","0","2","1","124.0","532","124","42","37","10","44","4","5","3","0","79","9761"
"Brandon Kintzler","Brewers","3","3","2.69","71","0","0","0","0","26","4","77.0","305","66","26","23","2","16","2","1","1","0","58","9939"
"Chad Jenkins","Blue Jays","1","0","2.70","10","3","0","0","0","0","0","33.1","132","31","13","10","3","6","2","1","0","0","15","10326"
"Huston Street","Padres","2","5","2.70","58","0","0","0","33","0","2","56.2","222","44","17","17","12","14","1","0","4","0","46","8258"
"Jim Henderson","Brewers","5","5","2.70","61","0","0","0","28","5","4","60.0","247","44","18","18","8","24","2","2","0","0","75","6653"
"Jason Grilli","Pirates","0","2","2.70","54","0","0","0","33","2","2","50.0","202","40","15","15","4","13","0","1","1","0","74","521"
"Francisco Rodriguez","- - -","3","2","2.70","48","0","0","0","10","5","0","46.2","193","42","14","14","7","14","4","1","2","0","54","1642"
"Simon Castro","White Sox","0","1","2.70","4","0","0","0","0","0","0","6.2","28","5","2","2","1","3","0","1","0","0","6","9243"
"Luke Gregerson","Padres","6","8","2.71","73","0","0","0","4","25","5","66.1","268","49","24","20","3","18","2","4","1","0","64","4090"
"Blake Parker","Cubs","1","2","2.72","49","0","0","0","1","7","0","46.1","195","39","17","14","4","15","1","2","2","0","55","5224"
"Craig Stammen","Nationals","7","6","2.76","55","0","0","0","0","7","1","81.2","339","78","30","25","4","27","3","2","2","1","79","7274"
"Alex Cobb","Rays","11","3","2.76","22","22","1","0","0","0","0","143.1","578","120","46","44","13","45","4","3","5","1","134","6562"
"Brett Oberholtzer","Astros","4","5","2.76","13","10","2","1","0","0","0","71.2","293","66","26","22","7","13","0","1","0","0","45","3855"
"Arquimedes Caminero","Marlins","0","0","2.77","13","0","0","0","0","1","1","13.0","52","10","4","4","2","3","0","1","1","0","12","8992"
"Madison Bumgarner","Giants","13","9","2.77","31","31","0","0","0","0","0","201.1","803","146","68","62","15","62","6","6","6","0","199","5524"
"Michael Wacha","Cardinals","4","1","2.78","15","9","0","0","0","0","1","64.2","260","52","20","20","5","19","0","0","3","0","65","14078"
"Edward Mujica","Cardinals","2","1","2.78","65","0","0","0","37","5","4","64.2","255","60","20","20","9","5","1","1","0","1","46","3970"
"Vin Mazzaro","Pirates","8","2","2.81","57","0","0","0","1","6","2","73.2","304","68","23","23","3","21","3","3","5","1","46","5231"
"Tommy Hunter","Orioles","6","5","2.81","68","0","0","0","4","21","2","86.1","336","71","28","27","11","14","1","2","0","0","68","1157"
"Johnny Cueto","Reds","5","2","2.82","11","11","0","0","0","0","0","60.2","242","46","20","19","7","18","1","1","1","0","51","6893"
"Brett Cecil","Blue Jays","5","1","2.82","60","0","0","0","1","11","2","60.2","250","44","20","19","4","23","3","3","5","1","70","2660"
"Anthony Varvaro","Braves","3","1","2.82","62","0","0","0","1","6","2","73.1","306","68","25","23","3","25","3","1","7","0","43","2385"
"Yu Darvish","Rangers","13","9","2.83","32","32","0","0","0","0","0","209.2","841","145","68","66","26","80","1","8","7","1","277","13074"
"Jake Dunning","Giants","0","2","2.84","29","0","0","0","0","2","0","25.1","104","20","8","8","2","11","1","3","1","0","16","10803"
"Dane de la Rosa","Angels","6","1","2.86","75","0","0","0","2","20","3","72.1","291","56","25","23","3","28","2","1","6","0","65","10095"
"Brad Boxberger","Padres","0","1","2.86","18","0","0","0","1","0","0","22.0","94","19","9","7","3","13","0","0","0","0","24","10133"
"J.J. Hoover","Reds","5","5","2.86","69","0","0","0","3","13","2","66.0","269","47","21","21","6","26","6","2","1","0","67","9037"
"Cliff Lee","Phillies","14","8","2.87","31","31","2","1","0","0","0","222.2","876","193","77","71","22","32","0","4","1","0","222","1636"
"Alfredo Simon","Reds","6","4","2.87","63","0","0","0","1","6","2","87.2","359","68","31","28","8","26","2","8","4","0","63","2155"
"Max Scherzer","Tigers","21","3","2.90","32","32","0","0","0","0","0","214.1","836","152","73","69","18","56","0","4","6","1","240","3137"
"Will Harris","Diamondbacks","4","1","2.91","61","0","0","0","0","4","1","52.2","217","50","17","17","3","15","1","2","4","0","53","3192"
"Anthony Swarzak","Twins","3","2","2.91","48","0","0","0","0","3","2","96.0","387","89","33","31","7","22","1","1","1","0","69","7466"
"Yoervis Medina","Mariners","4","6","2.91","63","0","0","0","1","19","3","68.0","291","49","22","22","5","40","7","4","8","0","71","10498"
"Ryan Webb","Marlins","2","6","2.91","66","0","0","0","0","4","3","80.1","332","70","30","26","5","27","5","2","4","0","54","7474"
"Jonathan Papelbon","Phillies","5","1","2.92","61","0","0","0","29","0","7","61.2","254","59","23","20","6","11","1","1","2","0","57","5975"
"Tony Cingrani","Reds","7","4","2.92","23","18","0","0","0","1","0","104.2","420","72","37","34","14","43","1","2","4","0","120","12555"
"LaTroy Hawkins","Mets","3","2","2.93","72","0","0","0","13","12","3","70.2","288","71","27","23","6","10","2","1","1","0","55","729"
"Adam Wainwright","Cardinals","19","9","2.94","34","34","5","2","0","0","0","241.2","956","223","83","79","15","35","2","6","5","0","219","2233"
"Jim Johnson","Orioles","3","8","2.94","74","0","0","0","50","0","9","70.1","291","72","26","23","5","18","4","7","2","0","56","3656"
"Chad Billingsley","Dodgers","1","0","3.00","2","2","0","0","0","0","0","12.0","49","12","4","4","1","5","0","0","0","0","6","5842"
"Stephen Strasburg","Nationals","8","9","3.00","30","30","1","1","0","0","0","183.0","731","136","71","61","16","56","1","12","7","3","191","10131"
"Hyun-Jin Ryu","Dodgers","14","8","3.00","30","30","2","1","0","0","0","192.0","783","182","67","64","15","49","4","1","5","0","154","14444"
"Charles Brewer","Diamondbacks","0","0","3.00","4","0","0","0","0","0","0","6.0","27","8","2","2","0","2","0","0","0","0","5","9155"
"Jose Veras","- - -","0","5","3.02","67","0","0","0","21","9","4","62.2","254","45","23","21","6","22","1","4","2","0","60","2063"
"Francisco Liriano","Pirates","16","8","3.02","26","26","2","0","0","0","0","161.0","666","134","54","54","9","63","0","0","7","2","163","3201"
"Sandy Rosario","Giants","3","2","3.02","43","0","0","0","0","6","0","41.2","180","38","15","14","1","20","5","0","2","0","24","1525"
"Robbie Ross Jr.","Rangers","4","2","3.03","65","0","0","0","0","15","1","62.1","267","63","21","21","4","19","2","5","2","0","58","6819"
"Luke Putkonen","Tigers","1","3","3.03","30","0","0","0","0","1","0","29.2","127","30","11","10","4","9","0","0","5","0","28","6736"
"Felix Hernandez","Mariners","12","10","3.04","31","31","0","0","0","0","0","204.1","822","185","74","69","15","46","1","3","13","0","216","4772"
"Brad Hand","Marlins","1","1","3.05","7","2","0","0","0","0","0","20.2","82","13","7","7","2","8","0","0","1","0","15","9111"
"Chad Gaudin","Giants","5","2","3.06","30","12","0","0","0","2","0","97.0","406","81","34","33","6","40","3","2","5","1","88","1783"
"Shelby Miller","Cardinals","15","9","3.06","31","31","1","1","0","0","0","173.1","722","152","65","59","20","57","0","5","2","0","169","10197"
"Chris Sale","White Sox","11","14","3.07","30","30","4","1","0","0","0","214.1","866","184","81","73","23","46","2","14","8","1","226","10603"
"Andrew Cashner","Padres","10","9","3.09","31","26","1","1","0","1","0","175.0","707","151","68","60","12","47","3","4","5","0","128","8782"
"Jamey Wright","Rays","2","2","3.09","66","1","0","0","0","6","1","70.0","288","61","25","24","4","23","3","5","5","0","65","715"
"Ivan Nova","Yankees","9","6","3.10","23","20","3","2","0","0","0","139.1","586","135","49","48","9","44","3","14","3","0","116","1994"
"Travis Wood","Cubs","9","12","3.11","32","32","0","0","0","0","0","200.0","821","163","73","69","18","66","2","8","6","0","144","9884"
"Rafael Soriano","Nationals","3","3","3.11","68","0","0","0","43","0","6","66.2","277","65","24","23","7","17","2","0","3","0","51","1100"
"Alexi Ogando","Rangers","7","4","3.11","23","18","0","0","0","0","0","104.1","428","87","38","36","11","41","1","5","6","1","72","10261"
"Kris Medlen","Braves","15","12","3.11","32","31","0","0","0","0","0","197.0","820","194","77","68","18","47","1","8","2","0","157","9417"
"Danny Salazar","Indians","2","3","3.12","10","10","0","0","0","0","0","52.0","211","44","18","18","7","15","0","0","3","0","65","5867"
"Erik Davis","Nationals","1","0","3.12","10","0","0","0","0","0","0","8.2","38","10","3","3","0","1","0","0","1","0","12","8422"
"Matt Lindstrom","White Sox","2","4","3.12","76","0","0","0","0","20","4","60.2","260","64","23","21","2","23","1","1","6","0","46","4604"
"Alex Wood","Braves","3","3","3.13","31","11","0","0","0","1","0","77.2","327","76","29","27","3","27","1","1","4","2","77","13781"
"Josh Collmenter","Diamondbacks","5","5","3.13","49","0","0","0","0","5","1","92.0","384","79","34","32","8","33","8","2","3","0","85","7312"
"Sean Doolittle","Athletics","5","5","3.13","70","0","0","0","2","26","5","69.0","266","53","24","24","4","13","1","2","2","0","60","1581"
"Matt Albers","Indians","3","1","3.14","56","0","0","0","0","1","0","63.0","262","57","25","22","2","23","3","1","6","0","35","4300"
"James Shields","Royals","13","9","3.15","34","34","2","0","0","0","0","228.2","946","215","82","80","20","68","0","8","11","2","196","7059"
"Joe Savery","Phillies","2","0","3.15","18","0","0","0","0","1","0","20.0","86","15","11","7","1","11","0","0","0","0","14","2835"
"AJ Ramos","Marlins","3","4","3.15","68","0","0","0","0","11","4","80.0","338","58","32","28","4","43","3","2","1","0","86","8350"
"Jerry Blevins","Athletics","5","0","3.15","67","0","0","0","0","4","4","60.0","245","47","23","21","7","17","2","4","2","0","52","7841"
"Tyler Chatwood","Rockies","8","5","3.15","20","20","1","0","0","0","0","111.1","476","118","44","39","5","41","5","4","10","0","66","4338"
"Junichi Tazawa","Red Sox","5","4","3.16","71","0","0","0","0","25","8","68.1","284","70","25","24","9","12","1","1","3","1","72","4079"
"Mat Latos","Reds","14","7","3.16","32","32","1","0","0","0","0","210.2","881","197","82","74","14","58","5","10","8","0","187","3815"
"Tyson Ross","Padres","3","8","3.17","35","16","0","0","0","0","0","125.0","504","100","51","44","8","44","4","7","7","0","119","7872"
"Daniel Webb","White Sox","0","0","3.18","9","0","0","0","0","1","0","11.1","46","9","4","4","0","4","0","0","1","0","10","10558"
"Cory Burns","Rangers","1","0","3.18","10","0","0","0","0","0","0","11.1","54","12","4","4","1","7","2","1","2","0","5","6620"
"Josh Stinson","Orioles","0","0","3.18","11","1","0","0","0","2","1","17.0","63","10","7","6","4","3","0","1","0","0","12","3219"
"Brad Brach","Padres","1","0","3.19","33","0","0","0","0","2","0","31.0","141","36","15","11","3","19","0","0","4","0","31","6627"
"Julio Teheran","Braves","14","8","3.20","30","30","0","0","0","0","0","185.2","774","173","69","66","22","45","4","13","2","0","170","6797"
"Joe Thatcher","- - -","3","2","3.20","72","0","0","0","0","15","4","39.1","164","40","14","14","4","10","0","1","3","0","36","4620"
"Mike Minor","Braves","13","9","3.21","32","32","1","0","0","0","0","204.2","820","177","79","73","22","46","2","1","5","0","181","10021"
"Chris Archer","Rays","9","7","3.22","23","23","2","2","0","0","0","128.2","525","107","49","46","15","38","2","8","7","0","101","6345"
"Gerrit Cole","Pirates","10","7","3.22","19","19","0","0","0","0","0","117.1","469","109","43","42","7","28","0","3","4","0","100","13125"
"Steve Delabar","Blue Jays","5","5","3.22","55","0","0","0","1","6","5","58.2","253","50","25","21","4","29","5","2","4","1","82","11827"
"Marc Rzepczynski","- - -","0","0","3.23","38","0","0","0","0","6","0","30.2","129","27","13","11","2","10","3","4","0","0","29","6612"
"Boone Logan","Yankees","5","2","3.23","61","0","0","0","0","11","2","39.0","159","33","15","14","7","13","4","0","3","0","50","5525"
"Will Smith","Royals","2","1","3.24","19","1","0","0","0","6","3","33.1","131","24","16","12","6","7","0","1","0","0","43","8048"
"Bryan Shaw","Indians","7","3","3.24","70","0","0","0","1","12","4","75.0","316","60","31","27","4","28","2","4","5","0","73","8110"
"Ervin Santana","Royals","9","10","3.24","32","32","0","0","0","0","0","211.0","859","190","85","76","26","51","3","6","6","0","161","3200"
"Jordan Zimmermann","Nationals","19","9","3.25","32","32","4","2","0","0","0","213.1","865","192","81","77","19","40","0","7","3","0","161","4505"
"Erik Johnson","White Sox","3","2","3.25","5","5","0","0","0","0","0","27.2","128","32","16","10","5","11","0","1","2","0","18","12520"
"Charlie Morton","Pirates","7","4","3.26","20","20","0","0","0","0","0","116.0","493","113","51","42","6","36","1","16","5","0","85","4676"
"Jake Petricka","White Sox","1","1","3.26","16","0","0","0","0","0","1","19.1","85","20","7","7","0","10","1","1","4","0","10","10534"
"Jered Weaver","Angels","11","8","3.27","24","24","0","0","0","0","0","154.1","634","139","58","56","17","37","0","7","2","0","117","4235"
"Bruce Chen","Royals","9","4","3.27","34","15","0","0","0","2","2","121.0","498","107","46","44","13","36","4","3","0","1","78","769"
"Luis Ayala","- - -","2","1","3.27","39","0","0","0","0","10","3","33.0","143","38","12","12","2","13","2","0","1","0","22","1650"
"Ross Ohlendorf","Nationals","4","1","3.28","16","7","0","0","0","1","1","60.1","247","56","22","22","8","14","1","1","1","0","45","8268"
"Matt Moore","Rays","17","4","3.29","27","27","1","1","0","0","0","150.1","642","119","58","55","14","76","1","4","17","1","143","1890"
"A.J. Burnett","Pirates","10","11","3.30","30","30","1","0","0","0","0","191.0","801","165","79","70","11","67","3","9","12","0","209","512"
"Ubaldo Jimenez","Indians","13","9","3.30","32","32","0","0","0","0","0","182.2","777","163","75","67","16","80","0","3","8","0","194","3374"
"Hiroki Kuroda","Yankees","11","13","3.31","32","32","1","1","0","0","0","201.1","824","191","79","74","20","43","2","5","6","0","150","3283"
"Dale Thayer","Padres","3","5","3.32","69","0","0","0","1","18","3","65.0","270","59","25","24","8","22","2","2","2","0","64","5032"
"Manny Parra","Reds","2","3","3.33","57","0","0","0","0","16","1","46.0","188","40","18","17","5","15","0","1","4","0","56","4279"
"David Price","Rays","10","8","3.33","27","27","4","0","0","0","0","186.2","740","178","78","69","16","27","0","3","6","0","151","3184"
"Fernando Abad","Nationals","0","3","3.35","39","0","0","0","0","2","1","37.2","166","42","14","14","3","10","0","1","0","0","32","4994"
"Jeanmar Gomez","Pirates","3","0","3.35","34","8","0","0","0","3","0","80.2","333","65","35","30","6","28","3","3","6","0","53","9033"
"Pat Neshek","Athletics","2","1","3.35","45","0","0","0","0","1","0","40.1","177","40","17","15","6","15","2","0","1","0","29","4682"
"Kyle Lohse","Brewers","11","10","3.35","32","32","2","1","0","0","0","198.2","806","196","78","74","26","36","1","3","1","0","125","739"
"Gio Gonzalez","Nationals","11","8","3.36","32","32","1","1","0","0","0","195.2","819","169","79","73","17","76","1","2","4","1","192","7448"
"Mike Leake","Reds","14","7","3.37","31","31","0","0","0","0","0","192.1","801","193","78","72","21","48","4","6","2","0","122","10130"
"Fernando Rodney","Rays","5","4","3.38","68","0","0","0","37","0","8","66.2","290","53","27","25","3","36","3","1","4","1","82","494"
"Rhiner Cruz","Astros","0","2","3.38","20","0","0","0","0","1","0","21.1","98","25","9","8","2","11","0","2","1","0","10","711"
"Sean Henn","Mets","0","1","3.38","4","0","0","0","0","0","0","2.2","13","3","1","1","1","3","0","0","0","0","1","2147"
"Aaron Crow","Royals","7","5","3.38","57","0","0","0","1","19","3","48.0","210","49","19","18","6","22","3","2","5","0","44","10149"
"Nathan Eovaldi","Marlins","4","6","3.39","18","18","0","0","0","0","0","106.1","451","100","44","40","7","40","3","1","3","0","78","9132"
"Adam Warren","Yankees","3","2","3.39","34","2","0","0","1","1","0","77.0","331","80","29","29","10","30","2","2","3","0","64","9029"
"C.J. Wilson","Angels","17","7","3.39","33","33","0","0","0","0","0","212.1","913","200","93","80","15","85","3","8","14","2","188","3580"
"Joel Peralta","Rays","3","8","3.41","80","0","0","0","1","41","3","71.1","291","47","31","27","7","34","1","0","1","0","74","2332"
"Patrick Corbin","Diamondbacks","14","8","3.41","32","32","3","0","0","0","0","208.1","860","189","81","79","19","54","1","9","13","0","178","9323"
"Zack Wheeler","Mets","7","5","3.42","17","17","0","0","0","0","0","100.0","431","90","42","38","10","46","2","4","6","0","84","10310"
"Derek Holland","Rangers","10","9","3.42","33","33","2","2","0","0","0","213.0","894","210","90","81","20","64","0","3","9","1","189","4141"
"Carlos Torres","Mets","4","6","3.44","33","9","0","0","0","3","0","86.1","352","79","34","33","15","17","1","4","4","1","75","7624"
"Jordan Walden","Braves","4","3","3.45","50","0","0","0","1","14","2","47.0","193","39","19","18","4","14","4","1","6","0","54","3271"
"Justin Masterson","Indians","14","10","3.45","32","29","3","3","0","0","0","193.0","803","156","75","74","13","76","0","17","8","0","195","2038"
"Bruce Rondon","Tigers","1","2","3.45","30","0","0","0","1","5","2","28.2","122","28","11","11","2","11","0","0","7","1","30","5766"
"Bryan Morris","Pirates","5","7","3.46","55","0","0","0","0","7","0","65.0","270","57","25","25","8","28","5","2","6","0","37","10234"
"Justin Verlander","Tigers","13","12","3.46","34","34","0","0","0","0","0","218.1","925","212","94","84","19","75","1","4","3","1","217","8700"
"Burke Badenhop","Brewers","2","3","3.47","63","0","0","0","1","5","3","62.1","254","62","32","24","6","12","4","0","2","0","42","9736"
"Jhoulys Chacin","Rockies","14","10","3.47","31","31","0","0","0","0","0","197.1","816","188","82","76","11","61","3","3","5","1","126","2608"
"Kevin Gregg","Cubs","2","6","3.48","62","0","0","0","33","0","5","62.0","269","53","26","24","6","32","2","1","1","0","56","1793"
"Homer Bailey","Reds","11","12","3.49","32","32","2","1","0","0","0","209.0","849","181","85","81","20","54","2","10","5","2","199","8362"
"Jorge De La Rosa","Rockies","16","6","3.49","30","30","0","0","0","0","0","167.2","714","170","70","65","11","62","5","5","5","0","112","2047"
"Jose Quintana","White Sox","9","7","3.51","33","33","0","0","0","0","0","200.0","832","188","83","78","23","56","2","5","2","1","164","11423"
"Jeff Locke","Pirates","10","7","3.52","30","30","0","0","0","0","0","166.1","711","146","69","65","11","84","4","6","8","2","125","2929"
"John Lackey","Red Sox","10","13","3.52","29","29","2","0","0","0","0","189.1","778","179","80","74","26","40","0","6","4","0","161","1507"
"Yordano Ventura","Royals","0","1","3.52","3","3","0","0","0","0","0","15.1","64","13","6","6","3","6","0","0","1","0","11","11855"
"Brian Matusz","Orioles","2","1","3.53","65","0","0","0","0","18","4","51.0","208","43","21","20","3","16","2","2","0","0","50","2646"
"Tim Collins","Royals","3","6","3.54","66","0","0","0","0","21","5","53.1","233","49","26","21","3","28","1","0","0","0","52","3164"
"Wade Miley","Diamondbacks","10","10","3.55","33","33","0","0","0","0","0","202.2","847","201","88","80","21","66","4","4","13","0","147","8779"
"Yusmeiro Petit","Giants","4","1","3.56","8","7","1","1","0","0","0","48.0","196","46","19","19","4","11","1","0","0","0","47","4020"
"Hector Santiago","White Sox","4","9","3.56","34","23","0","0","0","0","0","149.0","656","137","69","59","17","72","2","15","2","0","137","4026"
"Jaime Garcia","Cardinals","5","2","3.58","9","9","0","0","0","0","0","55.1","234","57","26","22","6","15","0","0","3","0","43","8137"
"James Russell","Cubs","1","6","3.59","74","0","0","0","0","19","8","52.2","214","46","21","21","7","18","6","1","1","0","37","4089"
"Wandy Rodriguez","Pirates","6","4","3.59","12","12","0","0","0","0","0","62.2","260","58","26","25","10","12","1","4","1","1","46","2586"
"Henderson Alvarez","Marlins","5","6","3.59","17","17","1","1","0","0","0","102.2","418","90","42","41","2","27","1","7","4","1","57","5669"
"Cole Hamels","Phillies","8","14","3.60","33","33","1","0","0","0","0","220.0","905","205","94","88","21","50","5","9","4","0","202","4972"
"Scott Baker","Cubs","0","0","3.60","3","3","0","0","0","0","0","15.0","57","9","6","6","3","4","0","0","0","0","6","6176"
"Taijuan Walker","Mariners","1","0","3.60","3","3","0","0","0","0","0","15.0","60","11","7","6","0","4","0","0","0","0","12","11836"
"Pedro Beato","Red Sox","1","1","3.60","10","0","0","0","0","0","0","10.0","46","12","5","4","1","2","0","1","0","0","5","1330"
"Dillon Gee","Mets","12","11","3.62","32","32","2","0","0","0","0","199.0","841","208","84","80","24","47","0","7","4","0","142","7396"
"Martin Perez","Rangers","10","6","3.62","20","20","1","0","0","0","0","124.1","529","129","55","50","15","37","0","3","9","2","84","6902"
"Taylor Jordan","Nationals","1","3","3.66","9","9","0","0","0","0","0","51.2","220","59","27","21","3","11","0","3","1","0","29","10466"
"Doug Fister","Tigers","14","9","3.67","33","32","1","0","0","0","0","208.2","881","229","91","85","14","44","2","16","7","0","159","9425"
"Donovan Hand","Brewers","1","5","3.69","31","7","0","0","0","2","1","68.1","286","71","29","28","10","21","1","5","3","0","37","8728"
"Wesley Wright","- - -","0","4","3.69","71","0","0","0","0","9","4","53.2","232","54","24","22","7","19","2","3","2","0","55","5960"
"Juan Perez","Blue Jays","1","2","3.69","19","0","0","0","0","0","1","31.2","131","23","17","13","3","15","0","1","2","0","33","2557"
"Troy Patton","Orioles","2","0","3.70","56","0","0","0","0","8","1","56.0","235","57","25","23","8","16","1","3","0","0","42","8368"
"Ricky Nolasco","- - -","13","11","3.70","34","33","0","0","0","0","0","199.1","834","195","90","82","17","46","1","10","5","0","165","3830"
"Stephen Fife","Dodgers","4","4","3.70","12","10","0","0","0","0","0","58.1","258","69","28","24","7","20","2","5","6","0","45","8077"
"Robert Coello","Angels","2","2","3.71","16","0","0","0","1","0","0","17.0","73","14","7","7","1","8","0","0","0","0","23","1149"
"Cesar Jimenez","Phillies","1","1","3.71","19","0","0","0","0","0","0","17.0","76","14","7","7","1","10","0","1","2","1","11","3762"
"Vic Black","- - -","3","0","3.71","18","0","0","0","1","4","1","17.0","76","17","7","7","1","6","0","2","4","0","15","9195"
"Scott Rice","Mets","4","5","3.71","73","0","0","0","0","17","2","51.0","213","42","22","21","1","27","4","2","3","1","41","2743"
"Chris Tillman","Orioles","16","7","3.71","33","33","1","0","0","0","0","206.1","845","184","87","85","33","68","2","3","6","1","179","5279"
"Jon Niese","Mets","8","8","3.71","24","24","1","1","0","0","0","143.0","621","158","68","59","10","48","1","4","5","0","105","4424"
"Luis Garcia","Phillies","1","1","3.73","24","0","0","0","0","1","0","31.1","138","27","15","13","3","23","0","1","3","0","23","6984"
"Oliver Perez","Mariners","3","3","3.74","61","0","0","0","2","8","1","53.0","229","50","23","22","6","26","3","1","1","0","74","1514"
"Michael Kohn","Angels","1","4","3.74","63","0","0","0","0","8","2","53.0","231","42","22","22","7","28","3","3","4","0","52","8505"
"Jacob Turner","Marlins","3","8","3.74","20","20","1","0","0","0","0","118.0","514","116","55","49","11","54","5","4","11","0","77","10185"
"Matt Thornton","- - -","0","4","3.74","60","0","0","0","0","19","1","43.1","187","47","20","18","4","15","1","2","2","0","30","1918"
"Charlie Furbush","Mariners","2","6","3.74","71","0","0","0","0","20","6","65.0","280","48","33","27","5","29","2","3","3","0","80","1370"
"Andy Pettitte","Yankees","11","11","3.74","30","30","1","0","0","0","0","185.1","784","198","85","77","17","48","1","4","6","0","128","840"
"Jeremy Affeldt","Giants","1","5","3.74","39","0","0","0","0","11","4","33.2","146","27","14","14","2","17","5","4","2","0","21","583"
"Tim Stauffer","Padres","3","1","3.75","43","0","0","0","0","7","1","69.2","284","59","29","29","7","20","1","4","0","0","64","6432"
"Zach McAllister","Indians","9","9","3.75","24","24","0","0","0","0","0","134.1","579","134","65","56","13","49","2","6","7","1","101","2895"
"Jon Lester","Red Sox","15","8","3.75","33","33","1","1","0","0","0","213.1","903","209","94","89","19","67","0","7","5","0","177","4930"
"Dan Jennings","Marlins","2","4","3.76","47","0","0","0","0","1","2","40.2","171","39","17","17","1","16","2","0","3","0","38","8073"
"Andrew Bailey","Red Sox","3","1","3.77","30","0","0","0","8","8","5","28.2","116","23","12","12","7","12","0","0","0","0","39","1368"
"Josh Edgin","Mets","1","1","3.77","34","0","0","0","1","3","1","28.2","122","26","12","12","2","12","3","2","0","0","20","10796"
"Cory Gearrin","Braves","2","1","3.77","37","0","0","0","1","1","2","31.0","133","30","13","13","2","16","2","4","3","0","23","7947"
"Miguel Gonzalez","Orioles","11","8","3.78","30","28","0","0","0","0","0","171.1","712","157","81","72","24","53","3","3","4","0","120","7024"
"Addison Reed","White Sox","5","4","3.79","68","0","0","0","40","0","8","71.1","295","56","31","30","6","23","2","2","2","0","72","10586"
"Bronson Arroyo","Reds","14","12","3.79","32","32","2","1","0","0","0","202.0","823","199","88","85","32","34","2","7","1","2","124","978"
"Neil Wagner","Blue Jays","2","4","3.79","36","0","0","0","0","10","1","38.0","161","39","17","16","5","13","1","1","3","1","33","8162"
"Ernesto Frieri","Angels","2","4","3.80","67","0","0","0","37","2","4","68.2","292","55","29","29","11","30","1","3","1","0","98","5178"
"Joakim Soria","Rangers","1","0","3.80","26","0","0","0","0","6","0","23.2","101","18","10","10","2","14","2","1","2","0","28","6941"
"Jared Burton","Twins","2","9","3.82","71","0","0","0","2","27","5","66.0","281","61","29","28","6","22","5","5","2","0","61","8346"
"Matt Garza","- - -","10","6","3.82","24","24","1","0","0","0","0","155.1","652","150","73","66","20","42","3","5","6","0","136","3340"
"A.J. Griffin","Athletics","14","10","3.83","32","32","1","1","0","0","0","200.0","823","171","91","85","36","54","2","4","7","0","171","11132"
"Samuel Deduno","Twins","8","8","3.83","18","18","0","0","0","0","0","108.0","461","105","48","46","7","41","0","9","8","2","67","5285"
"Corey Kluber","Indians","11","5","3.85","26","24","0","0","0","0","0","147.1","608","153","67","63","15","33","0","5","1","0","136","2429"
"Drake Britton","Red Sox","1","1","3.86","18","0","0","0","0","1","2","21.0","84","21","9","9","1","7","1","0","0","0","17","2868"
"Joe Paterson","Diamondbacks","0","0","3.86","2","0","0","0","0","0","0","2.1","11","2","1","1","0","0","0","3","0","0","2","2565"
"Jose Ortega","Tigers","0","2","3.86","11","0","0","0","0","2","1","11.2","52","10","5","5","2","6","1","1","0","0","10","9651"
"Kelvin Herrera","Royals","5","7","3.86","59","0","0","0","2","20","2","58.1","245","48","27","25","9","21","2","2","5","0","74","6033"
"Darren Oliver","Blue Jays","3","4","3.86","50","0","0","0","0","8","3","49.0","204","47","24","21","6","15","1","2","0","1","40","206"
"Justin De Fratus","Phillies","3","3","3.86","58","0","0","0","0","9","1","46.2","208","45","21","20","3","25","3","5","6","0","42","4955"
"Scott Feldman","- - -","12","12","3.86","30","30","2","1","0","0","0","181.2","758","159","87","78","19","56","1","9","7","1","132","6283"
"Marco Estrada","Brewers","7","4","3.87","21","21","0","0","0","0","0","128.0","512","109","56","55","19","29","0","2","3","0","118","1118"
"Ryan Pressly","Twins","3","3","3.87","49","0","0","0","0","1","0","76.2","315","71","37","33","5","27","1","0","7","0","49","7005"
"Tom Gorzelanny","Brewers","3","6","3.90","43","10","0","0","0","6","1","85.1","356","77","41","37","11","31","1","2","2","0","83","6244"
"Rob Wooten","Brewers","3","1","3.90","27","0","0","0","0","8","1","27.2","115","27","12","12","1","8","2","1","0","0","18","8532"
"Josh Zeid","Astros","0","1","3.90","25","0","0","0","1","6","1","27.2","118","26","12","12","3","12","1","1","2","0","24","6527"
"Casey Fien","Twins","5","2","3.92","73","0","0","0","0","17","2","62.0","244","51","28","27","9","12","3","0","2","0","73","3926"
"Jesse Chavez","Athletics","2","4","3.92","35","0","0","0","1","1","1","57.1","248","50","27","25","3","20","4","3","5","0","55","5448"
"Gonzalez Germen","Mets","1","2","3.93","29","0","0","0","1","1","2","34.1","149","32","15","15","1","16","1","0","2","0","33","5876"
"Eric Stults","Padres","11","13","3.93","33","33","2","0","0","0","0","203.2","857","219","97","89","18","40","2","2","2","1","131","8011"
"Chris Rusin","Cubs","2","6","3.93","13","13","0","0","0","0","0","66.1","282","66","30","29","8","24","3","3","1","0","36","9895"
"Jake Odorizzi","Rays","0","1","3.94","7","4","0","0","1","0","0","29.2","122","28","13","13","3","8","0","2","1","0","22","6397"
"Ian Krol","Nationals","2","1","3.95","32","0","0","0","0","2","1","27.1","117","28","12","12","5","8","1","0","2","0","22","10066"
"Dan Straily","Athletics","10","8","3.96","27","27","0","0","0","0","0","152.1","640","132","74","67","16","57","0","7","7","0","124","9460"
"Sean O'Sullivan","Padres","0","2","3.96","7","3","0","0","0","0","0","25.0","118","31","12","11","0","14","1","1","0","0","12","9137"
"Mike Adams","Phillies","1","4","3.96","28","0","0","0","0","8","1","25.0","107","23","11","11","5","11","0","1","1","0","23","1937"
"Ronald Belisario","Dodgers","5","7","3.97","77","0","0","0","1","21","4","68.0","300","72","34","30","3","28","10","5","3","0","49","2203"
"Pedro Feliciano","Mets","0","2","3.97","25","0","0","0","0","5","0","11.1","51","11","5","5","1","6","2","1","1","0","9","1601"
"Lance Lynn","Cardinals","15","10","3.97","33","33","0","0","0","0","0","201.2","856","189","92","89","14","76","0","11","6","0","198","2520"
"Jarrod Parker","Athletics","12","8","3.97","32","32","1","0","0","0","0","197.0","818","178","92","87","25","63","2","7","7","0","134","4913"
"Tim Hudson","Braves","8","7","3.97","21","21","0","0","0","0","0","131.1","534","120","60","58","10","36","3","2","2","0","95","921"
"Brad Lincoln","Blue Jays","1","2","3.98","22","0","0","0","0","0","0","31.2","148","28","17","14","4","22","0","3","2","0","25","4241"
"Brian Duensing","Twins","6","2","3.98","73","0","0","0","1","15","3","61.0","268","68","28","27","4","22","4","2","6","0","56","4064"
"Trevor Cahill","Diamondbacks","8","10","3.99","26","25","0","0","0","0","0","146.2","636","143","70","65","13","65","2","6","17","0","102","6249"
"Matt Cain","Giants","8","10","4.00","30","30","0","0","0","0","0","184.1","760","158","85","82","23","55","3","5","1","0","158","4732"
"Matt Guerrier","- - -","4","4","4.01","49","0","0","0","0","8","3","42.2","181","43","22","19","3","17","2","1","0","0","30","2061"
"John Axford","- - -","7","7","4.02","75","0","0","0","0","19","7","65.0","289","73","32","29","10","26","3","2","5","0","65","9059"
"Jason Vargas","Angels","9","8","4.02","24","24","3","2","0","0","0","150.0","644","162","68","67","17","46","2","5","0","1","109","8044"
"Jake McGee","Rays","5","3","4.02","71","0","0","0","1","27","4","62.2","260","52","28","28","8","22","5","1","4","0","75","7550"
"Chaz Roe","Diamondbacks","1","0","4.03","21","0","0","0","0","1","2","22.1","95","18","10","10","3","13","3","0","1","0","24","9866"
"Jonathan Pettibone","Phillies","5","4","4.04","18","18","0","0","0","0","0","100.1","437","109","50","45","9","38","3","5","1","0","66","7106"
"Ross Detwiler","Nationals","2","7","4.04","13","13","0","0","0","0","0","71.1","316","92","37","32","5","14","2","5","0","0","39","2859"
"Jeremy Guthrie","Royals","15","12","4.04","33","33","3","2","0","0","0","211.2","905","236","99","95","30","59","1","8","7","0","111","2072"
"Scott Kazmir","Indians","10","9","4.04","29","29","0","0","0","0","0","158.0","672","162","76","71","19","47","1","3","5","1","162","4897"
"Andrew Albers","Twins","2","5","4.05","10","10","1","1","0","0","0","60.0","249","64","34","27","6","7","0","2","0","1","25","7853"
"Keith Butler","Cardinals","0","0","4.05","16","0","0","0","0","0","0","20.0","85","13","9","9","0","11","0","1","0","0","16","10080"
"Jason Marquis","Padres","9","5","4.05","20","20","0","0","0","0","0","117.2","518","111","61","53","18","68","2","4","2","0","72","105"
"Carlos Villanueva","Cubs","7","8","4.06","47","15","0","0","0","2","1","128.2","524","117","58","58","14","40","4","3","0","0","103","4138"
"Wilton Lopez","Rockies","3","4","4.06","75","0","0","0","0","8","5","75.1","321","88","35","34","6","18","4","1","0","3","48","4227"
"Wei-Yin Chen","Orioles","7","7","4.07","23","23","0","0","0","0","0","137.0","572","142","62","62","17","39","2","2","3","0","104","13071"
"Vinnie Pestano","Indians","1","2","4.08","37","0","0","0","6","6","3","35.1","159","37","18","16","6","21","1","1","2","0","37","4782"
"Rafael Betancourt","Rockies","2","5","4.08","32","0","0","0","16","0","3","28.2","123","26","15","13","2","11","2","0","1","0","27","177"
"Henry Rodriguez","- - -","0","1","4.09","22","0","0","0","0","1","0","22.0","109","20","12","10","2","20","1","2","2","1","12","6371"
"Logan Ondrusek","Reds","3","1","4.09","52","0","0","0","0","5","1","55.0","233","53","26","25","8","16","1","1","5","1","53","3677"
"Kevin Slowey","Marlins","3","6","4.11","20","14","0","0","0","0","0","92.0","395","106","44","42","12","18","0","4","1","0","76","9918"
"Jonathan Broxton","Reds","2","2","4.11","34","0","0","0","0","12","3","30.2","133","27","17","14","4","12","2","4","0","0","25","4759"
"Heath Bell","Diamondbacks","5","2","4.11","69","0","0","0","15","8","7","65.2","287","74","30","30","12","16","1","3","4","0","72","2080"
"Preston Claiborne","Yankees","0","2","4.11","44","0","0","0","0","4","0","50.1","214","51","23","23","7","14","4","2","2","0","42","10500"
"Robbie Erlin","Padres","3","3","4.12","11","9","0","0","0","0","0","54.2","227","53","26","25","6","15","0","0","3","0","40","10354"
"Tom Wilhelmsen","Mariners","0","3","4.12","59","0","0","0","24","2","5","59.0","251","45","28","27","2","33","5","1","6","0","45","9975"
"Jose Cisnero","Astros","2","2","4.12","28","0","0","0","0","5","2","43.2","198","49","23","20","5","22","5","1","1","2","41","6399"
"Alfredo Figaro","Brewers","3","3","4.14","33","5","0","0","1","0","0","74.0","316","77","41","34","15","15","2","1","4","1","54","8404"
"Cesar Ramos","Rays","2","2","4.14","48","0","0","0","1","1","0","67.1","288","66","31","31","6","22","6","2","3","0","53","3357"
"Tommy Milone","Athletics","12","9","4.14","28","26","1","0","0","0","0","156.1","667","160","83","72","25","39","2","2","1","0","126","7608"
"Mark Buehrle","Blue Jays","12","10","4.15","33","33","1","1","0","0","0","203.2","876","223","100","94","24","51","3","9","2","0","139","225"
"Ross Wolf","Rangers","1","3","4.15","22","3","0","0","0","1","0","47.2","207","58","24","22","5","15","1","1","2","0","21","4534"
"Nate Jones","White Sox","4","5","4.15","70","0","0","0","0","16","4","78.0","315","69","40","36","5","26","1","1","8","1","89","4696"
"C.C. Lee","Indians","0","0","4.15","8","0","0","0","0","1","0","4.1","22","4","3","2","0","3","0","1","0","0","4","5177"
"Garrett Richards","Angels","7","8","4.16","47","17","1","0","1","5","1","145.0","620","151","73","67","12","44","4","1","11","0","101","9784"
"Jake Peavy","- - -","12","5","4.17","23","23","2","0","0","0","0","144.2","590","130","70","67","20","36","0","2","0","2","121","1051"
"Kevin Correia","Twins","9","13","4.18","31","31","0","0","0","0","0","185.1","792","218","89","86","24","45","1","2","2","0","101","1767"
"Bud Norris","- - -","10","12","4.18","32","30","0","0","0","0","0","176.2","773","196","89","82","17","67","0","5","4","0","147","9492"
"Yovani Gallardo","Brewers","12","10","4.18","31","31","0","0","0","0","0","180.2","773","180","92","84","18","66","1","3","5","0","144","8173"
"Phillippe Aumont","Phillies","1","3","4.19","22","0","0","0","0","1","0","19.1","95","24","11","9","0","13","1","3","2","1","19","5362"
"Chia-Jen Lo","Astros","0","3","4.19","19","0","0","0","2","1","3","19.1","84","14","9","9","2","13","0","0","1","0","16","5440"
"Danny Farquhar","Mariners","0","3","4.20","46","0","0","0","16","2","4","55.2","228","44","29","26","2","22","4","0","2","1","79","8501"
"R.A. Dickey","Blue Jays","14","13","4.21","34","34","3","1","0","0","0","224.2","943","207","113","105","35","71","0","10","7","1","177","1245"
"T.J. McFarland","Orioles","4","1","4.22","38","1","0","0","0","0","0","74.2","331","83","37","35","7","28","5","0","2","0","58","3237"
"Jeurys Familia","Mets","0","0","4.22","9","0","0","0","1","0","0","10.2","52","12","5","5","2","9","1","0","3","0","8","5114"
"Jose Mijares","Giants","0","3","4.22","60","0","0","0","0","6","0","49.0","236","67","24","23","3","20","4","3","3","0","54","4140"
"Juan Gutierrez","- - -","1","5","4.23","53","0","0","0","0","4","1","55.1","236","56","29","26","5","20","2","1","3","0","45","3265"
"Joe Ortiz","Rangers","2","2","4.23","32","0","0","0","0","2","0","44.2","187","46","26","21","5","10","2","0","0","0","27","7955"
"Evan Reed","Tigers","0","1","4.24","16","0","0","0","0","0","0","23.1","105","28","16","11","2","8","0","1","1","1","17","1349"
"Randall Delgado","Diamondbacks","5","7","4.26","20","19","1","1","0","0","0","116.1","473","116","59","55","24","23","2","1","3","1","79","5985"
"Chris Capuano","Dodgers","4","7","4.26","24","20","0","0","0","0","1","105.2","457","125","57","50","11","24","5","0","5","0","81","1701"
"Frank Francisco","Mets","1","0","4.26","8","0","0","0","1","0","0","6.1","26","4","3","3","0","3","0","1","0","0","6","1933"
"Michael Bowden","Cubs","1","3","4.30","34","0","0","0","0","0","2","37.2","158","32","18","18","3","15","2","3","4","1","23","4440"
"David Aardsma","Mets","2","2","4.31","43","0","0","0","0","4","2","39.2","178","39","20","19","7","19","6","4","1","1","36","1902"
"Matt Belisle","Rockies","5","7","4.32","72","0","0","0","0","24","5","73.0","301","76","37","35","6","15","2","0","3","0","62","1837"
"Rick Porcello","Tigers","13","8","4.32","32","29","1","0","0","0","0","177.0","736","185","87","85","18","42","4","3","6","1","142","2717"
"Felix Doubront","Red Sox","11","6","4.32","29","27","0","0","0","0","0","162.1","705","161","84","78","13","71","0","5","8","0","139","1478"
"Todd Redmond","Blue Jays","4","3","4.32","17","14","0","0","0","0","0","77.0","324","70","38","37","13","23","2","6","1","0","76","9943"
"Chris Perez","Indians","5","3","4.33","54","0","0","0","25","1","5","54.0","243","56","27","26","11","21","2","4","1","0","54","5213"
"Josh Outman","Rockies","3","0","4.33","61","0","0","0","0","13","1","54.0","238","56","27","26","3","23","2","3","2","0","53","4004"
"Jeff Samardzija","Cubs","8","13","4.34","33","33","2","1","0","0","0","213.2","914","210","109","103","25","78","3","8","11","0","214","3254"
"Jeremy Hefner","Mets","4","8","4.34","24","23","0","0","0","0","0","130.2","556","132","75","63","20","37","4","5","1","0","99","1989"
"Josh Roenicke","Twins","3","1","4.35","63","0","0","0","1","12","2","62.0","282","63","31","30","6","36","5","1","7","0","45","3241"
"Scott Atchison","Mets","3","3","4.37","51","0","0","0","0","10","0","45.1","194","45","27","22","4","12","0","0","5","0","28","2642"
"Wily Peralta","Brewers","11","15","4.37","32","32","2","1","0","0","0","183.1","802","187","107","89","19","73","3","7","12","0","129","7738"
"Freddy Garcia","- - -","4","7","4.37","17","13","0","0","0","0","0","80.1","331","83","40","39","18","17","0","1","1","0","46","1077"
"Tim Lincecum","Giants","10","14","4.37","32","32","1","1","0","0","0","197.2","841","184","102","96","21","76","8","7","11","2","193","5705"
"Evan Scribner","Athletics","0","0","4.39","18","0","0","0","0","0","0","26.2","114","26","13","13","3","7","0","0","2","0","19","7525"
"Shawn Kelley","Yankees","4","2","4.39","57","0","0","0","0","11","1","53.1","227","47","28","26","8","23","2","0","8","0","71","7773"
"George Kontos","Giants","2","2","4.39","52","0","0","0","0","5","1","55.1","238","60","30","27","7","18","2","2","1","0","47","9486"
"Zach Miner","Phillies","0","2","4.40","16","3","0","0","0","0","1","28.2","133","33","14","14","4","17","1","2","1","0","20","3193"
"Tom Koehler","Marlins","5","10","4.41","29","23","0","0","0","0","0","143.0","601","140","72","70","14","54","2","5","7","0","92","6570"
"Carlos Marmol","- - -","2","4","4.41","52","0","0","0","2","6","3","49.0","225","40","26","24","7","40","3","4","5","1","59","2790"
"Paul Maholm","Braves","10","11","4.41","26","26","0","0","0","0","0","153.0","670","169","82","75","17","47","3","10","3","0","105","8678"
"Daisuke Matsuzaka","Mets","3","3","4.42","7","7","0","0","0","0","0","38.2","166","32","21","19","4","16","0","5","0","0","33","7775"
"David Hernandez","Diamondbacks","5","6","4.48","62","0","0","0","2","15","6","62.1","263","50","33","31","10","24","4","4","6","0","66","4259"
"Brandon Beachy","Braves","2","1","4.50","5","5","0","0","0","0","0","30.0","120","27","17","15","5","4","0","0","2","0","23","8851"
"Brett Marshall","Yankees","0","0","4.50","3","0","0","0","0","0","0","12.0","54","13","6","6","3","7","0","1","2","0","7","5364"
"Kevin Jepsen","Angels","1","3","4.50","45","0","0","0","0","8","2","36.0","164","41","21","18","3","14","4","1","2","0","36","6475"
"Steven Ames","Marlins","0","1","4.50","4","0","0","0","0","0","0","4.0","19","6","2","2","0","2","1","0","0","0","4","9615"
"Ramon Troncoso","White Sox","1","4","4.50","29","0","0","0","0","1","0","30.0","137","30","22","15","4","16","1","1","1","0","18","4685"
"Fernando Salas","Cardinals","0","3","4.50","27","0","0","0","0","2","2","28.0","118","27","15","14","3","6","1","1","2","0","22","4971"
"Alberto Cabrera","Cubs","0","0","4.50","7","0","0","0","0","0","0","6.0","30","7","3","3","0","5","0","1","0","0","4","8352"
"Drew Storen","Nationals","4","2","4.52","68","0","0","0","3","24","5","61.2","267","65","34","31","7","19","2","1","2","0","58","6983"
"Brandon McCarthy","Diamondbacks","5","11","4.53","22","22","2","1","0","0","0","135.0","577","161","71","68","13","21","3","5","1","1","76","4662"
"Manny Corpas","Rockies","1","2","4.54","31","0","0","0","0","3","0","41.2","178","40","21","21","5","16","3","1","3","1","30","2807"
"Pedro Strop","- - -","2","5","4.55","66","0","0","0","1","17","3","57.1","254","45","30","29","5","26","2","6","8","1","66","4070"
"J.A. Happ","Blue Jays","5","7","4.56","18","18","0","0","0","0","0","92.2","415","91","53","47","10","45","0","2","5","0","77","7410"
"Ryan Dempster","Red Sox","8","9","4.57","32","29","0","0","0","0","0","171.1","754","170","97","87","26","79","1","6","9","1","157","517"
"Jerome Williams","Angels","9","10","4.57","37","25","0","0","0","0","0","169.1","728","181","93","86","23","55","2","4","5","0","107","1137"
"B.J. Rosenberg","Phillies","2","0","4.58","22","0","0","0","1","2","0","19.2","86","20","10","10","0","9","1","0","2","0","19","7183"
"Michael Stutes","Phillies","3","1","4.58","16","0","0","0","0","3","0","17.2","75","14","11","9","1","8","1","1","1","0","9","6550"
"Erik Bedard","Astros","4","12","4.59","32","26","0","0","1","0","2","151.0","663","149","83","77","18","75","0","6","1","0","138","126"
"Al Alburquerque","Tigers","4","3","4.59","53","0","0","0","0","10","0","49.0","220","39","25","25","5","34","5","2","9","1","70","6324"
"Donnie Veal","White Sox","2","3","4.60","50","0","0","0","0","13","1","29.1","126","26","16","15","3","16","1","0","4","0","29","4741"
"Franklin Morales","Red Sox","2","2","4.62","20","1","0","0","0","4","1","25.1","112","24","13","13","2","15","2","3","3","0","21","5088"
"Jake Westbrook","Cardinals","7","8","4.63","21","19","1","1","0","0","0","116.2","523","132","69","60","7","50","3","10","1","0","44","412"
"Dan Haren","Nationals","10","14","4.67","31","30","0","0","1","0","0","169.2","717","179","92","88","28","31","0","7","8","1","151","1757"
"Billy Buckner","Angels","1","0","4.67","7","2","0","0","0","0","0","17.1","73","17","9","9","5","7","0","1","2","0","7","8253"
"Michael Gonzalez","Brewers","0","3","4.68","75","0","0","0","0","11","3","50.0","235","58","28","26","10","25","2","2","4","0","60","1794"
"Kyle Farnsworth","- - -","3","1","4.70","48","0","0","0","2","2","1","38.1","162","43","20","20","5","10","0","1","0","1","28","278"
"Buddy Boshers","Angels","0","0","4.70","25","0","0","0","0","6","0","15.1","63","13","8","8","0","8","1","1","0","0","13","8490"
"Kyle Kendrick","Phillies","10","13","4.70","30","30","2","1","0","0","0","182.0","800","207","104","95","18","47","4","7","3","1","110","6230"
"John Danks","White Sox","4","14","4.75","22","22","0","0","0","0","0","138.1","583","151","81","73","28","27","0","4","3","0","89","6329"
"Tyler Lyons","Cardinals","2","4","4.75","12","8","0","0","0","0","0","53.0","223","49","29","28","5","16","0","3","0","0","43","11334"
"Esmil Rogers","Blue Jays","5","9","4.77","44","20","0","0","0","4","1","137.2","598","152","76","73","21","44","2","6","7","2","96","6317"
"Hector Rondon","Cubs","2","1","4.77","45","0","0","0","0","2","1","54.2","242","52","29","29","6","25","5","3","4","0","44","2391"
"CC Sabathia","Yankees","14","13","4.78","32","32","2","0","0","0","0","211.0","908","224","122","112","28","65","5","4","7","1","175","404"
"Jake Arrieta","- - -","5","4","4.78","14","14","0","0","0","0","0","75.1","324","59","41","40","9","41","1","5","1","0","60","4153"
"Tony Sipp","Diamondbacks","3","2","4.78","56","0","0","0","0","3","2","37.2","175","35","22","20","6","22","2","3","3","1","42","8280"
"Jared Hughes","Pirates","2","3","4.78","29","0","0","0","0","3","0","32.0","148","37","17","17","2","16","1","2","2","0","23","9325"
"Andre Rienzo","White Sox","2","3","4.82","10","10","0","0","0","0","0","56.0","250","55","34","30","11","28","0","2","4","0","38","3507"
"Travis Blackley","- - -","2","2","4.83","46","3","0","0","0","13","1","50.1","211","46","27","27","12","22","4","1","7","0","40","3234"
"Nick Tepesch","Rangers","4","6","4.84","19","17","0","0","0","0","0","93.0","407","100","53","50","12","27","3","7","0","0","76","11716"
"Darin Downs","Tigers","0","2","4.84","29","0","0","0","0","4","0","35.1","151","36","20","19","4","11","2","2","2","0","37","5903"
"Alfredo Aceves","Red Sox","4","1","4.86","11","6","0","0","0","0","0","37.0","169","42","21","20","8","22","0","0","0","2","24","5164"
"Lucas Luetge","Mariners","1","3","4.86","35","0","0","0","0","1","0","37.0","165","42","22","20","2","16","2","2","4","0","27","8337"
"Alex Sanabia","Marlins","3","7","4.88","10","10","0","0","0","0","0","55.1","251","69","33","30","10","25","3","4","1","0","31","5350"
"Alex Wilson","Red Sox","1","1","4.88","26","0","0","0","0","1","0","27.2","127","34","16","15","0","14","1","1","1","0","22","9239"
"Roberto Hernandez","Rays","6","13","4.89","32","24","1","0","1","0","0","151.0","643","164","87","82","24","38","8","13","3","0","113","3273"
"Jair Jurrjens","Orioles","0","0","4.91","2","1","0","0","0","0","0","7.1","31","9","4","4","1","1","0","0","1","0","6","5556"
"Ian Kennedy","- - -","7","10","4.91","31","31","0","0","0","0","0","181.1","794","180","108","99","27","73","1","12","10","1","163","6986"
"Joba Chamberlain","Yankees","2","1","4.93","45","0","0","0","1","5","0","42.0","198","47","23","23","8","26","1","1","3","0","38","2692"
"Zack Britton","Orioles","2","3","4.95","8","7","0","0","0","0","0","40.0","182","52","23","22","4","17","1","1","1","0","18","3240"
"Brandon Workman","Red Sox","6","3","4.97","20","3","0","0","0","1","1","41.2","180","44","23","23","5","15","1","0","1","0","47","11428"
"Jason Hammel","Orioles","7","8","4.97","26","23","0","0","1","1","0","139.1","611","155","81","77","22","48","1","8","1","0","96","4538"
"Josh Fields","Astros","1","3","4.97","41","0","0","0","5","6","1","38.0","160","31","21","21","8","18","4","0","0","0","40","5070"
"Erasmo Ramirez","Mariners","5","3","4.98","14","13","0","0","0","0","0","72.1","321","79","44","40","12","26","0","3","0","0","57","10314"
"Edwin Jackson","Cubs","8","18","4.98","31","31","0","0","0","0","0","175.1","777","197","110","97","16","59","7","5","14","0","135","1841"
"Brandon Lyon","Mets","2","2","4.98","37","0","0","0","0","7","3","34.1","153","43","20","19","3","13","3","0","1","0","23","1312"
"David Phelps","Yankees","6","5","4.98","22","12","0","0","0","1","1","86.2","376","88","50","48","8","35","1","5","2","0","79","6316"
"Josh Lueke","Rays","0","2","5.06","19","0","0","0","0","2","0","21.1","99","23","12","12","3","12","1","1","3","0","25","5722"
"Carlos Martinez","Cardinals","2","1","5.08","21","1","0","0","1","3","0","28.1","124","31","16","16","1","9","1","3","0","0","24","11682"
"Ted Lilly","Dodgers","0","2","5.09","5","5","0","0","0","0","0","23.0","109","27","16","13","4","10","0","1","0","0","18","833"
"Guillermo Moscoso","Giants","2","2","5.10","13","2","0","0","0","0","0","30.0","128","20","17","17","5","21","3","3","5","0","31","5106"
"John Gast","Cardinals","2","0","5.11","3","3","0","0","0","0","0","12.1","52","11","7","7","1","5","0","0","0","0","8","11133"
"Tyler Skaggs","Diamondbacks","2","3","5.12","7","7","0","0","0","0","0","38.2","170","38","23","22","7","15","2","2","2","0","36","10190"
"Rob Scahill","Rockies","1","0","5.13","23","0","0","0","0","1","0","33.1","149","40","19","19","5","9","1","4","1","0","20","9286"
"Juan Nicasio","Rockies","9","9","5.14","31","31","0","0","0","0","0","157.2","703","168","97","90","17","64","7","5","6","2","119","7731"
"Matt Langwell","- - -","1","0","5.14","13","0","0","0","0","0","0","14.0","62","13","8","8","2","7","0","1","0","0","12","8130"
"Brooks Raley","Cubs","0","0","5.14","9","0","0","0","0","0","0","14.0","61","11","9","8","2","8","0","2","0","0","14","10061"
"Dallas Keuchel","Astros","6","10","5.15","31","22","0","0","0","2","0","153.2","682","184","96","88","20","52","3","5","7","0","123","9434"
"Jeremy Hellickson","Rays","12","10","5.17","32","31","0","0","0","0","0","174.0","737","185","103","100","24","50","0","4","7","2","135","4371"
"Gavin Floyd","White Sox","0","4","5.18","5","5","0","0","0","0","0","24.1","110","27","15","14","4","12","1","0","1","0","25","3886"
"Brad Peacock","Astros","5","6","5.18","18","14","0","0","0","2","0","83.1","365","78","51","48","15","37","0","3","4","0","77","5401"
"Mike Pelfrey","Twins","5","13","5.19","29","29","0","0","0","0","0","152.2","680","184","92","88","13","53","0","6","1","0","101","5203"
"Phil Hughes","Yankees","4","14","5.19","30","29","0","0","0","0","0","145.2","642","170","91","84","24","42","4","5","6","0","121","7450"
"Josh Beckett","Dodgers","0","5","5.19","8","8","1","0","0","0","0","43.1","195","50","30","25","8","15","2","1","0","0","41","510"
"Kyuji Fujikawa","Cubs","1","1","5.25","12","0","0","0","2","1","1","12.0","50","11","7","7","1","2","0","2","2","0","14","14443"
"Joe Saunders","Mariners","11","16","5.26","32","32","2","0","0","0","0","183.0","820","232","117","107","25","61","5","4","5","0","107","4366"
"Shaun Marcum","Mets","1","10","5.29","14","12","0","0","0","0","0","78.1","334","85","48","46","7","21","2","4","2","0","60","6204"
"Trevor Bauer","Indians","1","2","5.29","4","4","0","0","0","0","0","17.0","81","15","11","10","3","16","0","1","1","0","11","12703"
"Brandon League","Dodgers","6","4","5.30","58","0","0","0","14","2","5","54.1","249","69","37","32","8","15","1","3","9","0","28","3731"
"Wade Davis","Royals","8","11","5.32","31","24","0","0","0","0","0","135.1","618","169","89","80","15","58","2","4","7","0","114","7441"
"John Lannan","Phillies","3","6","5.33","14","14","0","0","0","0","0","74.1","332","86","48","44","6","27","1","5","2","0","38","7080"
"Clayton Mortensen","Red Sox","1","2","5.34","24","0","0","0","0","0","0","30.1","141","32","19","18","3","16","1","3","1","0","21","3166"
"Anthony Bass","Padres","0","0","5.36","24","0","0","0","0","0","0","42.0","193","51","26","25","4","20","4","0","5","0","31","7982"
"Luis Mendoza","Royals","2","6","5.36","22","15","0","0","0","0","0","94.0","419","106","60","56","10","43","0","3","10","1","54","3126"
"Aaron Harang","- - -","5","12","5.40","26","26","2","2","0","0","0","143.1","626","153","91","86","26","40","1","6","4","0","113","1451"
"Jeremy Bonderman","- - -","2","4","5.40","18","7","0","0","0","0","0","55.0","246","58","36","33","7","27","3","2","3","0","32","1667"
"Wade LeBlanc","- - -","1","5","5.40","17","7","0","0","0","0","0","55.0","259","72","40","33","7","20","3","3","0","0","33","5221"
"Jorge De Leon","Astros","0","1","5.40","11","0","0","0","0","1","0","10.0","50","12","7","6","1","7","1","1","2","0","6","5397"
"Steven Wright","Red Sox","2","0","5.40","4","1","0","0","0","0","0","13.1","59","12","8","8","0","9","0","1","2","0","10","8185"
"Cory Rasmus","- - -","1","1","5.40","19","0","0","0","0","2","1","21.2","103","24","15","13","6","13","2","0","0","1","20","2413"
"Paul Clemens","Astros","4","7","5.40","35","5","0","0","0","7","2","73.1","323","82","48","44","16","26","1","2","2","0","49","8037"
"Luis Perez","Blue Jays","0","1","5.40","6","0","0","0","0","0","0","5.0","21","4","3","3","0","2","0","0","0","0","6","6389"
"Phil Coke","Tigers","0","5","5.40","49","0","0","0","1","4","2","38.1","177","43","24","23","3","21","7","0","1","0","30","5535"
"Zach Phillips","Marlins","0","1","5.40","3","0","0","0","0","0","0","1.2","11","3","1","1","0","3","0","0","0","0","1","99"
"Chang-Yong Lim","Cubs","0","0","5.40","6","0","0","0","0","0","0","5.0","27","6","3","3","0","7","1","1","1","0","5","14445"
"Tommy Hanson","Angels","4","3","5.42","15","13","0","0","0","0","0","73.0","327","83","47","44","10","30","3","3","6","0","56","9129"
"Scott Diamond","Twins","6","13","5.43","24","24","0","0","0","0","0","131.0","576","163","88","79","21","36","4","1","5","0","52","5089"
"Josh Lindblom","Rangers","1","3","5.46","8","5","0","0","0","0","0","31.1","137","35","19","19","4","11","2","0","2","0","21","7882"
"Nick Hagadone","Indians","0","1","5.46","36","0","0","0","0","2","1","31.1","133","24","21","19","4","21","1","0","3","0","30","1351"
"Carter Capps","Mariners","3","3","5.49","53","0","0","0","0","9","2","59.0","270","73","37","36","12","23","4","2","5","0","66","12803"
"David Huff","- - -","3","1","5.50","14","2","0","0","0","0","0","37.2","151","33","23","23","7","9","1","1","1","0","31","4257"
"Greg Reynolds","Reds","1","3","5.52","6","5","0","0","0","0","0","29.1","133","38","19","18","5","6","1","4","0","0","13","5712"
"Zeke Spruill","Diamondbacks","0","2","5.56","6","2","0","0","0","0","0","11.1","55","17","11","7","3","5","0","1","0","0","9","3873"
"Rubby de la Rosa","Red Sox","0","2","5.56","11","0","0","0","0","0","0","11.1","53","15","7","7","2","2","0","3","1","0","6","3862"
"Jose Valverde","Tigers","0","1","5.59","20","0","0","0","9","0","3","19.1","84","18","12","12","6","6","0","2","0","0","19","1726"
"Shairon Martis","Twins","0","1","5.59","6","0","0","0","0","0","0","9.2","39","6","6","6","3","4","0","0","0","0","7","6781"
"Jordan Lyles","Astros","7","9","5.59","27","25","0","0","1","1","0","141.2","642","165","98","88","17","49","1","11","5","2","93","7593"
"Brandon Morrow","Blue Jays","2","3","5.63","10","10","0","0","0","0","0","54.1","242","63","39","34","12","18","1","1","1","0","42","9346"
"Chad Bettis","Rockies","1","3","5.64","16","8","0","0","0","3","1","44.2","208","55","34","28","6","20","2","2","2","1","30","10587"
"Kevin Gausman","Orioles","3","5","5.66","20","5","0","0","0","2","2","47.2","201","51","30","30","8","13","2","0","4","0","49","14107"
"Edgmer Escalona","Rockies","1","4","5.67","37","0","0","0","0","7","1","46.0","205","52","32","29","8","14","2","2","2","3","34","8574"
"Dylan Axelrod","White Sox","4","11","5.68","30","20","0","0","0","0","0","128.1","586","170","89","81","24","43","2","4","5","0","73","9303"
"Eduardo Sanchez","Cubs","0","1","5.68","4","0","0","0","0","0","0","6.1","29","5","4","4","1","5","0","0","1","1","5","2966"
"Greg Burke","Mets","0","3","5.68","32","0","0","0","0","1","0","31.2","156","43","27","20","3","15","2","0","0","0","28","6282"
"Hector Ambriz","Astros","2","4","5.70","43","0","0","0","2","13","3","36.1","171","50","28","23","8","14","1","1","4","0","27","559"
"Edinson Volquez","- - -","9","12","5.71","33","32","0","0","0","0","0","170.1","777","193","114","108","19","77","2","3","16","0","142","3990"
"Michael Blazek","- - -","0","1","5.71","18","0","0","0","0","0","0","17.1","84","16","12","11","3","13","0","1","0","0","14","9654"
"Ryan Vogelsong","Giants","4","6","5.73","19","19","0","0","0","0","0","103.2","467","124","73","66","15","38","2","6","3","0","67","1011"
"Barry Zito","Giants","5","11","5.74","30","25","0","0","0","0","0","133.1","608","173","94","85","19","54","2","4","5","1","86","944"
"James McDonald","Pirates","2","2","5.76","6","6","0","0","0","0","0","29.2","138","29","24","19","1","20","1","3","2","0","25","5523"
"Jose Alvarez","Tigers","1","5","5.82","14","6","0","0","0","2","0","38.2","172","42","26","25","7","16","1","2","0","1","31","5358"
"Jon Garland","Rockies","4","6","5.82","12","12","0","0","0","0","0","68.0","303","85","45","44","9","23","3","2","4","0","32","232"
"Lucas Harrell","Astros","6","17","5.86","36","22","0","0","0","0","1","153.2","707","174","111","100","20","88","5","6","8","0","89","7541"
"Bobby LaFromboise","Mariners","0","1","5.91","10","0","0","0","0","1","0","10.2","47","12","8","7","0","4","1","0","0","0","11","7758"
"P.J. Walters","Twins","2","5","5.95","8","8","0","0","0","0","0","39.1","183","51","30","26","5","18","0","1","0","0","22","9557"
"Justin Grimm","- - -","7","9","5.97","27","17","0","0","0","3","0","98.0","442","120","70","65","15","34","1","2","4","0","76","11720"
"Victor Marte","Cardinals","0","1","6.00","4","0","0","0","0","0","0","3.0","17","4","2","2","0","3","1","1","0","0","2","5158"
"Chris Resop","Athletics","1","1","6.00","18","0","0","0","0","0","0","18.0","87","22","13","12","3","10","1","2","2","0","13","3799"
"Hisanori Takahashi","Cubs","0","0","6.00","3","0","0","0","0","0","0","3.0","14","3","2","2","1","2","0","0","0","0","3","10091"
"Zach Duke","- - -","1","2","6.03","26","1","0","0","0","1","0","31.1","142","39","23","21","3","10","3","1","2","0","18","3840"
"Joe Blanton","Angels","2","14","6.04","28","20","0","0","0","0","0","132.2","611","180","96","89","29","34","4","4","9","0","108","4849"
"Ramon Ortiz","Blue Jays","1","2","6.04","7","4","0","0","0","0","0","25.1","117","34","17","17","7","11","2","1","2","0","8","27"
"Brett Anderson","Athletics","1","4","6.04","16","5","0","0","3","1","0","44.2","200","51","32","30","5","21","1","0","0","0","46","8223"
"Ethan Martin","Phillies","2","5","6.08","15","8","0","0","0","0","1","40.0","190","42","27","27","9","26","2","1","1","1","47","3877"
"Kris Johnson","Pirates","0","2","6.10","4","1","0","0","0","0","0","10.1","46","12","7","7","0","4","1","1","2","0","9","886"
"Blake Beavan","Mariners","0","2","6.13","12","2","0","0","0","0","0","39.2","174","46","27","27","8","8","0","1","0","0","27","338"
"Curtis Partch","Reds","0","1","6.17","14","0","0","0","0","0","0","23.1","106","17","16","16","8","17","1","4","0","0","16","1333"
"Josh Johnson","Blue Jays","2","8","6.20","16","16","0","0","0","0","0","81.1","384","105","64","56","15","30","3","3","4","0","83","4567"
"Drew Pomeranz","Rockies","0","4","6.23","8","4","0","0","0","0","0","21.2","105","25","15","15","4","19","1","1","0","0","19","11426"
"Jeremy Horst","Phillies","0","2","6.23","28","0","0","0","0","2","1","26.0","123","35","19","18","4","12","1","2","0","0","21","596"
"Jeff Francis","Rockies","3","5","6.27","23","12","0","0","0","0","0","70.1","324","89","54","49","12","24","2","1","5","0","63","4684"
"Rich Hill","Indians","1","2","6.28","63","0","0","0","0","13","2","38.2","182","38","30","27","3","29","6","2","6","1","51","4806"
"Brandon Maurer","Mariners","5","8","6.30","22","14","0","0","0","0","0","90.0","402","114","66","63","16","27","0","6","9","0","70","4878"
"Jose De La Torre","Red Sox","0","0","6.35","7","0","0","0","0","0","0","11.1","53","10","8","8","2","10","0","1","0","0","15","787"
"Ryan Mattheus","Nationals","0","2","6.37","37","0","0","0","0","6","3","35.1","166","52","26","25","1","15","0","0","4","1","22","7169"
"Burch Smith","Padres","1","3","6.44","10","7","0","0","0","0","0","36.1","167","39","26","26","9","21","1","0","0","0","46","12784"
"Hiram Burgos","Brewers","1","2","6.44","6","6","0","0","0","0","0","29.1","139","38","23","21","5","11","0","2","0","0","18","9412"
"Peter Moylan","Dodgers","1","0","6.46","14","0","0","0","0","1","0","15.1","70","23","11","11","3","7","1","0","0","0","6","4891"
"Matt Magill","Dodgers","0","2","6.51","6","6","0","0","0","0","0","27.2","137","27","25","20","6","28","1","1","1","0","26","3950"
"Brandon Gomes","Rays","3","1","6.52","26","0","0","0","0","0","0","19.1","83","18","15","14","4","7","3","0","1","0","29","2267"
"Kyle Gibson","Twins","2","4","6.53","10","10","0","0","0","0","0","51.0","238","69","38","37","7","20","0","5","4","0","29","10123"
"Tyler Cloyd","Phillies","2","7","6.56","13","11","0","0","0","0","0","60.1","282","83","45","44","7","25","2","1","3","0","41","8536"
"Xavier Cedeno","- - -","0","0","6.57","16","0","0","0","0","2","0","12.1","60","15","12","9","0","8","0","2","0","0","9","36"
"Hector Noesi","Mariners","0","1","6.59","12","1","0","0","0","0","0","27.1","134","42","21","20","3","12","4","1","2","0","21","3292"
"Johnny Hellweg","Brewers","1","4","6.75","8","7","0","0","0","0","0","30.2","162","40","30","23","3","26","0","8","4","0","9","10065"
"Carlos Carrasco","Indians","1","4","6.75","15","7","0","0","0","0","0","46.2","218","64","36","35","4","18","2","1","2","0","30","6632"
"Javy Guerra","Dodgers","0","0","6.75","9","0","0","0","0","0","0","10.2","55","15","9","8","1","6","0","1","0","0","12","7407"
"Mickey Storey","Blue Jays","0","0","6.75","3","0","0","0","0","0","0","4.0","19","6","3","3","0","1","0","0","0","0","6","4721"
"Chris Leroux","Pirates","0","0","6.75","2","0","0","0","0","0","0","4.0","21","4","3","3","1","6","0","0","0","0","3","7645"
"Nick Maronde","Angels","0","0","6.75","10","0","0","0","0","2","0","5.1","28","4","6","4","1","8","1","0","1","0","5","12530"
"Roy Halladay","Phillies","4","5","6.82","13","13","1","0","0","0","0","62.0","282","55","48","47","12","36","1","10","4","0","51","1303"
"Pedro Hernandez","Twins","3","3","6.83","14","12","0","0","0","0","0","56.2","263","80","43","43","10","23","1","0","1","1","29","4578"
"Liam Hendriks","Twins","1","3","6.85","10","8","0","0","0","0","0","47.1","224","67","39","36","10","14","1","3","1","0","34","3548"
"Clayton Richard","Padres","2","5","7.01","12","11","0","0","0","0","0","52.2","239","65","44","41","13","21","1","0","0","0","24","3551"
"Jeff Manship","Rockies","0","5","7.04","11","4","0","0","0","0","0","30.2","139","37","25","24","6","12","1","0","0","0","18","6865"
"Charlie Leesman","White Sox","0","0","7.04","8","1","0","0","0","1","0","15.1","77","16","14","12","2","16","0","1","2","0","13","9124"
"Shawn Camp","Cubs","1","1","7.04","26","0","0","0","0","4","3","23.0","108","34","18","18","7","9","2","0","0","2","13","1855"
"Kameron Loe","- - -","2","3","7.09","20","1","0","0","0","1","0","26.2","127","40","21","21","11","10","2","0","1","0","15","4422"
"Aaron Laffey","- - -","0","0","7.11","5","3","0","0","0","0","0","12.2","64","18","10","10","1","10","0","2","0","0","9","6248"
"David Martinez","Astros","1","0","7.15","4","0","0","0","0","0","1","11.1","52","16","11","9","1","3","0","0","1","1","6","8893"
"Michael Roth","Angels","1","1","7.20","15","1","0","0","0","0","0","20.0","89","24","16","16","0","6","0","1","2","0","17","13736"
"Edgar Olmos","Marlins","0","1","7.20","5","0","0","0","0","0","0","5.0","24","7","9","4","2","3","1","0","0","0","2","10174"
"Vance Worley","Twins","1","5","7.21","10","10","0","0","0","0","0","48.2","234","82","43","39","9","15","1","3","1","0","25","6435"
"Mike Fiers","Brewers","1","4","7.25","11","3","0","0","0","0","0","22.1","103","28","20","18","8","6","0","0","1","0","15","7754"
"Scott Barnes","Indians","0","1","7.27","6","0","0","0","1","0","0","8.2","38","8","7","7","3","3","0","2","1","0","10","8718"
"David Holmberg","Diamondbacks","0","0","7.36","1","1","0","0","0","0","0","3.2","20","6","3","3","0","3","0","0","0","0","0","7725"
"Eury De la Rosa","Diamondbacks","0","1","7.36","19","0","0","0","0","2","0","14.2","62","13","13","12","5","5","0","0","1","0","16","4055"
"Raul Valdes","Phillies","1","1","7.46","17","1","0","0","0","0","0","35.0","152","42","29","29","7","8","0","2","1","0","37","1953"
"Steve Johnson","Orioles","1","1","7.47","9","1","0","0","0","1","0","15.2","73","14","13","13","2","13","1","0","1","0","20","4053"
"Nathan Karns","Nationals","0","1","7.50","3","3","0","0","0","0","0","12.0","61","17","11","10","5","6","0","1","0","0","11","12638"
"JC Ramirez","Phillies","0","1","7.50","18","0","0","0","0","3","0","24.0","116","30","22","20","6","15","1","0","0","0","16","8302"
"Edgar Gonzalez","- - -","0","1","7.50","8","0","0","0","0","0","0","18.0","87","26","16","15","6","8","0","1","0","0","11","1727"
"Jon Rauch","Marlins","1","2","7.56","15","0","0","0","0","1","0","16.2","80","23","14","14","1","7","3","1","1","0","15","1475"
"Chien-Ming Wang","Blue Jays","1","2","7.67","6","6","0","0","0","0","0","27.0","123","40","24","23","5","9","0","0","2","0","14","2074"
"Jairo Asencio","Orioles","0","0","7.71","4","0","0","0","0","0","0","2.1","12","3","2","2","1","2","1","0","0","0","4","3332"
"Kyle Drabek","Blue Jays","0","0","7.71","3","0","0","0","0","0","0","2.1","14","4","2","2","1","2","0","1","0","0","3","4359"
"Kyle McClellan","Rangers","0","1","7.71","7","0","0","0","0","1","0","9.1","40","7","8","8","2","5","0","1","1","0","3","4845"
"Cristhian Martinez","Braves","0","0","7.71","2","0","0","0","0","0","0","2.1","12","5","2","2","0","0","0","0","0","0","0","5337"
"Phil Irwin","Pirates","0","0","7.71","1","1","0","0","0","0","0","4.2","23","6","5","4","0","4","0","0","0","0","4","9489"
"Tim Byrdak","Mets","0","0","7.71","8","0","0","0","0","0","0","4.2","21","5","4","4","2","2","0","0","0","0","3","1995"
"Philip Humber","Astros","0","8","7.90","17","7","0","0","0","0","2","54.2","259","75","48","48","9","20","1","1","5","1","36","8586"
"Brett Myers","Indians","0","3","8.02","4","3","0","0","0","0","0","21.1","97","29","19","19","10","5","0","0","0","0","12","962"
"Mitchell Boggs","- - -","0","3","8.10","27","0","0","0","2","1","3","23.1","120","28","23","21","5","20","4","3","1","0","16","3344"
"Michael Kirkman","Rangers","0","2","8.18","25","0","0","0","1","0","1","22.0","115","36","20","20","2","15","4","0","2","0","25","9877"
"Robert Carson","Mets","0","0","8.24","14","0","0","0","0","1","0","19.2","88","21","19","18","9","7","0","1","0","0","8","2570"
"Chance Ruffin","Mariners","0","2","8.38","9","0","0","0","0","0","1","9.2","49","14","10","9","3","5","1","2","1","0","15","11745"
"Matt Harrison","Rangers","0","2","8.44","2","2","0","0","0","0","0","10.2","51","14","11","10","2","7","2","0","0","0","12","5551"
"Brian Flynn","Marlins","0","2","8.50","4","4","0","0","0","0","0","18.0","88","27","17","17","4","13","0","0","3","0","15","12027"
"Allen Webster","Red Sox","1","2","8.60","8","7","0","0","0","0","0","30.1","145","37","30","29","7","18","0","2","1","0","23","3993"
"Roy Oswalt","Rockies","0","6","8.63","9","6","0","0","0","1","0","32.1","151","49","31","31","3","9","0","1","1","0","34","571"
"Chris Bootcheck","Yankees","0","0","9.00","1","0","0","0","0","0","0","1.0","7","2","1","1","0","2","0","0","0","0","1","1842"
"Justin Germano","Blue Jays","0","0","9.00","1","0","0","0","0","0","0","2.0","12","6","2","2","1","0","0","0","0","0","1","1938"
"Daniel Bard","Red Sox","0","0","9.00","2","0","0","0","0","0","0","1.0","6","1","1","1","0","2","0","0","0","0","1","7115"
"Sam Dyson","Marlins","0","2","9.00","5","1","0","0","0","0","0","11.0","54","16","12","11","2","5","1","1","0","0","5","11710"
"Derek Lowe","Rangers","1","0","9.00","9","0","0","0","0","1","0","13.0","57","16","13","13","3","3","0","2","0","0","8","199"
"Colt Hynes","Padres","0","0","9.00","22","0","0","0","0","1","0","17.0","84","25","17","17","3","9","2","1","1","0","13","7560"
"Chad Durbin","Phillies","1","0","9.00","16","0","0","0","0","0","0","16.0","81","25","17","16","4","9","1","0","0","0","16","1442"
"Jose Contreras","Pirates","0","0","9.00","7","0","0","0","0","2","0","5.0","28","7","5","5","1","6","0","0","0","0","5","1660"
"Tyler Robertson","Twins","0","0","9.00","2","0","0","0","0","1","0","1.0","4","1","1","1","1","0","0","0","0","0","2","3223"
"Mark Lowe","Angels","1","0","9.26","11","0","0","0","0","1","0","11.2","56","11","12","12","1","11","1","0","2","0","7","7416"
"Brian Omogrosso","White Sox","0","2","9.37","12","0","0","0","0","0","0","16.1","84","28","18","17","2","9","1","1","0","0","16","1353"
"Joel Hanrahan","Red Sox","0","1","9.82","9","0","0","0","4","0","2","7.1","37","10","8","8","4","6","0","0","1","0","5","2186"
"Collin McHugh","- - -","0","4","10.04","7","5","0","0","0","0","0","26.0","125","45","29","29","6","5","0","0","0","0","11","7531"
"Duane Below","Marlins","0","1","10.13","2","0","0","0","0","0","0","2.2","15","6","3","3","0","2","1","0","0","0","2","3124"
"Preston Guilmet","Indians","0","0","10.13","4","0","0","0","0","0","0","5.1","28","8","6","6","0","3","0","0","0","0","1","7303"
"Mike Kickham","Giants","0","3","10.16","12","3","0","0","0","0","0","28.1","144","46","34","32","8","10","2","0","2","0","29","11618"
"Cole DeVries","Twins","0","2","10.80","4","2","0","0","0","0","0","15.0","76","22","18","18","6","9","0","0","0","0","12","8201"
"Chris Volstad","Rockies","0","0","10.80","6","0","0","0","0","1","0","8.1","47","19","10","10","1","1","0","2","0","0","3","9901"
"Dellin Betances","Yankees","0","0","10.80","6","0","0","0","0","0","0","5.0","26","9","6","6","1","2","0","0","0","0","10","6216"
"Ricky Romero","Blue Jays","0","2","11.05","4","2","0","0","0","0","0","7.1","40","11","9","9","2","8","0","1","1","0","5","3403"
"Ramon Ramirez","Giants","0","0","11.12","6","0","0","0","0","1","0","5.2","29","9","8","7","2","5","0","0","1","0","0","7986"
"Alex Burnett","- - -","0","0","11.57","3","0","0","0","0","0","0","2.1","14","5","3","3","0","2","0","0","0","0","2","4065"
"Deunte Heath","White Sox","0","0","11.74","5","0","0","0","0","0","0","7.2","41","8","10","10","2","12","1","0","1","0","3","7371"
"Jonathan Sanchez","Pirates","0","3","11.85","5","4","0","0","0","0","0","13.2","75","25","18","18","7","8","0","2","0","0","15","7507"
"Pedro Figueroa","Athletics","0","0","12.00","5","0","0","0","0","0","0","3.0","18","6","4","4","2","3","0","0","0","0","3","6616"
"John Maine","Marlins","0","0","12.27","4","0","0","0","0","0","0","7.1","40","15","10","10","2","5","1","0","1","0","7","4773"
"Chris Hatcher","Marlins","0","1","12.46","7","0","0","0","0","0","0","8.2","44","13","13","12","1","4","1","0","0","0","7","3299"
"Pedro Villarreal","Reds","0","1","12.71","2","1","0","0","0","0","0","5.2","32","13","8","8","4","3","0","0","0","0","4","9904"
"Barry Enright","Angels","0","2","12.96","4","2","0","0","0","0","0","8.1","43","12","12","12","2","7","0","0","1","0","6","2412"
"Michael Belfiore","Orioles","0","0","13.50","1","0","0","0","0","0","0","1.1","7","3","2","2","2","1","0","0","0","0","0","9324"
"Onelki Garcia","Dodgers","0","0","13.50","3","0","0","0","0","0","0","1.1","9","1","2","2","1","4","0","0","0","0","1","13674"
"Octavio Dotel","Tigers","0","0","13.50","6","0","0","0","0","0","1","4.2","28","10","7","7","0","4","0","0","0","0","4","555"
"Dave Bush","Blue Jays","0","0","15.00","1","0","0","0","0","0","0","3.0","15","5","5","5","4","1","0","0","0","0","1","4635"
"Zach Clark","Orioles","0","0","16.20","1","0","0","0","0","0","0","1.2","10","3","3","3","0","2","0","0","0","0","1","9189"
"Daniel Stange","Angels","0","1","16.20","3","0","0","0","0","0","0","1.2","9","2","3","3","1","2","0","0","0","0","1","9404"
"Mike Zagurski","- - -","0","0","17.05","7","0","0","0","0","0","0","6.1","40","11","12","12","1","8","0","2","3","0","5","9683"
"Anthony Recker","Mets","0","0","18.00","1","0","0","0","0","0","0","1.0","5","1","2","2","1","1","0","0","0","0","0","4063"
"Justin Freeman","Reds","0","0","18.00","1","0","0","0","0","0","0","1.0","5","2","2","2","1","0","0","0","0","0","0","7568"
"Josh Wall","Dodgers","0","1","18.00","6","0","0","0","0","0","0","7.0","44","17","14","14","2","6","3","0","0","0","7","4436"
"Zach Putnam","Cubs","0","0","18.90","5","0","0","0","0","0","0","3.1","19","9","7","7","1","0","0","0","0","0","4","9080"
"Maikel Cleto","Cardinals","0","0","19.29","1","0","0","0","0","0","0","2.1","15","5","5","5","1","1","0","2","0","0","5","5529"
"Jim Miller","Yankees","0","0","20.25","1","0","0","0","0","0","0","1.1","8","3","3","3","1","1","0","0","0","0","0","7458"
"Brayan Villarreal","- - -","0","2","20.77","8","0","0","0","0","1","0","4.1","29","8","10","10","1","9","0","0","1","0","6","5180"
"Cody Eppley","Yankees","0","0","21.60","2","0","0","0","0","0","0","1.2","8","4","4","4","0","0","0","0","2","0","1","9095"
"Eric Surkamp","Giants","0","1","23.63","1","1","0","0","0","0","0","2.2","18","9","7","7","2","0","0","2","0","0","0","2540"
"Casper Wells","- - -","0","1","27.00","2","0","0","0","0","0","0","1.2","12","3","5","5","0","4","1","0","0","0","1","9700"
"Sean Nolin","Blue Jays","0","1","40.50","1","1","0","0","0","0","0","1.1","11","7","6","6","1","1","0","0","0","0","0","11341"
"Yunesky Maya","Nationals","0","1","54.00","1","0","0","0","0","0","0","0.1","3","2","2","2","1","0","0","0","0","0","0","11420"
"David Carpenter","Angels","0","0","108.00","1","0","0","0","0","0","0","0.1","5","2","4","4","1","2","0","0","1","0","1","9244"
